t0/tau	cal_g_function_a	err
0.000	8.8622692545e-01	5.8704025959e-13
0.010	8.8626274662e-01	1.8041859101e-11
0.020	8.8637017576e-01	7.0855361713e-11
0.030	8.8654910998e-01	5.7634134710e-13
0.040	8.8679937819e-01	6.2724711602e-13
0.050	8.8712074186e-01	9.4542432963e-13
0.060	8.8751289588e-01	5.8107740281e-13
0.070	8.8797546981e-01	7.1822864523e-13
0.080	8.8850802927e-01	7.6666252446e-13
0.090	8.8911007766e-01	5.8473609442e-13
0.100	8.8978105797e-01	2.5915317868e-12
0.110	8.9052035497e-01	1.5598647452e-12
0.120	8.9132729741e-01	5.9690748609e-13
0.130	8.9220116052e-01	5.9497603853e-13
0.140	8.9314116859e-01	3.3283235492e-12
0.150	8.9414649775e-01	5.2839435286e-12
0.160	8.9521627878e-01	1.0926538844e-12
0.170	8.9634960010e-01	6.0958992599e-13
0.180	8.9754551079e-01	6.1530984624e-13
0.190	8.9880302368e-01	3.6274510872e-11
0.200	9.0012111846e-01	1.5470871026e-11
0.210	9.0149874482e-01	1.0050094779e-11
0.220	9.0293482564e-01	2.6220798923e-12
0.230	9.0442826006e-01	8.0016556916e-13
0.240	9.0597792662e-01	6.4462671458e-13
0.250	9.0758268628e-01	6.5633569207e-13
0.260	9.0924138544e-01	6.5597907623e-13
0.270	9.1095285885e-01	8.4558770203e-12
0.280	9.1271593240e-01	3.6702954410e-11
0.290	9.1452942592e-01	2.1029850619e-11
0.300	9.1639215579e-01	7.0306820936e-12
0.310	9.1830293744e-01	1.8607675221e-12
0.320	9.2026058779e-01	7.6901747955e-13
0.330	9.2226392750e-01	7.2209964607e-13
0.340	9.2431178318e-01	7.3429960336e-13
0.350	9.2640298933e-01	7.2997167828e-13
0.360	9.2853639034e-01	2.0186876595e-11
0.370	9.3071084218e-01	9.0981964721e-11
0.380	9.3292521406e-01	9.1552775212e-11
0.390	9.3517838994e-01	4.5834278297e-11
0.400	9.3746926990e-01	1.5127282592e-11
0.410	9.3979677137e-01	3.5208961125e-12
0.420	9.4215983028e-01	9.3403761068e-13
0.430	9.4455740207e-01	8.8028655742e-13
0.440	9.4698846254e-01	8.8991281725e-13
0.450	9.4945200866e-01	8.5227627381e-13
0.460	9.5194705926e-01	8.4213141075e-13
0.470	9.5447265555e-01	8.5601111457e-13
0.480	9.5702786160e-01	8.7053188298e-13
0.490	9.5961176476e-01	4.5804220969e-12
0.500	9.6222347591e-01	2.3202948884e-11
0.510	9.6486212970e-01	1.8852570112e-11
0.520	9.6752688467e-01	9.2957563283e-13
0.530	9.7021692330e-01	9.4511325977e-13
0.540	9.7293145204e-01	2.8700882662e-11
0.550	9.7566970123e-01	9.7888116328e-13
0.560	9.7843092497e-01	9.9624487204e-13
0.570	9.8121440097e-01	1.0148173282e-12
0.580	9.8401943031e-01	1.0332998405e-12
0.590	9.8684533720e-01	1.0524006906e-12
0.600	9.8969146868e-01	1.0721028530e-12
0.610	9.9255719426e-01	1.0935209902e-12
0.620	9.9544190558e-01	1.1149442316e-12
0.630	9.9834501604e-01	1.1357161888e-12
0.640	1.0012659603e+00	1.1584238007e-12
0.650	1.0042041940e+00	1.1820772970e-12
0.660	1.0071591931e+00	2.5853904480e-11
0.670	1.0101304537e+00	1.2300378015e-12
0.680	1.0131174911e+00	1.2559210548e-12
0.690	1.0161198398e+00	1.2821580568e-12
0.700	1.0191370528e+00	1.3086520733e-12
0.710	1.0221687011e+00	1.3370713683e-12
0.720	1.0252143732e+00	1.3643172008e-12
0.730	1.0282736744e+00	5.4558728195e-11
0.740	1.0313462266e+00	1.4277734459e-12
0.750	1.0344316678e+00	1.4624055221e-12
0.760	1.0375296514e+00	1.5023280757e-12
0.770	1.0406398456e+00	1.5464110861e-12
0.780	1.0437619332e+00	1.5983230337e-12
0.790	1.0468956110e+00	1.6621804747e-12
0.800	1.0500405893e+00	1.7398230893e-12
0.810	1.0531965914e+00	5.6801180540e-11
0.820	1.0563633531e+00	1.9538517945e-12
0.830	1.0595406223e+00	2.0982813260e-12
0.840	1.0627281587e+00	2.2695235436e-12
0.850	1.0659257331e+00	2.4583437672e-12
0.860	1.0691331269e+00	2.6470215656e-12
0.870	1.0723501321e+00	2.8018408644e-12
0.880	1.0755765505e+00	2.8697910739e-12
0.890	1.0788121935e+00	2.7835356123e-12
0.900	1.0820568816e+00	2.9116743738e-12
0.910	1.0853104441e+00	2.1343904724e-12
0.920	1.0885727186e+00	2.9255195975e-12
0.930	1.0918435509e+00	5.4116138531e-12
0.940	1.0951227943e+00	1.0566722991e-11
0.950	1.0984103096e+00	1.9817099713e-11
0.960	1.1017059645e+00	3.4880979865e-11
0.970	1.1050096336e+00	5.7461842514e-11
0.980	1.1083211976e+00	8.8700095631e-11
0.990	1.1116405436e+00	2.9168823362e-11
1.000	1.1149675642e+00	7.0437275038e-12
1.010	1.1183021580e+00	4.0593223942e-11
1.020	1.1216442283e+00	7.1254243259e-11
1.030	1.1249936839e+00	8.7471333561e-11
1.040	1.1283504382e+00	8.8271924449e-11
1.050	1.1317144089e+00	7.7462764783e-11
1.060	1.1350855185e+00	6.4174164247e-11
1.070	1.1384636931e+00	4.2129515766e-11
1.080	1.1418488629e+00	2.6079996323e-11
1.090	1.1452409617e+00	1.4132487450e-11
1.100	1.1486399269e+00	6.7678372903e-12
1.110	1.1520456990e+00	3.7874679605e-12
1.120	1.1554582216e+00	5.6911816237e-12
1.130	1.1588774414e+00	7.8031863419e-12
1.140	1.1623033078e+00	9.1253428895e-12
1.150	1.1657357726e+00	9.5850148193e-12
1.160	1.1691747903e+00	9.3967328747e-12
1.170	1.1726203177e+00	8.8327623435e-12
1.180	1.1760723136e+00	4.1633498732e-11
1.190	1.1795307388e+00	7.4873872522e-12
1.200	1.1829955564e+00	6.9647596373e-12
1.210	1.1864667308e+00	6.6037356492e-12
1.220	1.1899442283e+00	6.4092913662e-12
1.230	1.1934280168e+00	6.3781185833e-12
1.240	1.1969180656e+00	6.5522289515e-12
1.250	1.2004143452e+00	6.9073694609e-12
1.260	1.2039168278e+00	7.3948017446e-12
1.270	1.2074254863e+00	7.9131255251e-12
1.280	1.2109402948e+00	8.3999313157e-12
1.290	1.2144612286e+00	8.8552426698e-12
1.300	1.2179882638e+00	9.3298245717e-12
1.310	1.2215213774e+00	9.9724219162e-12
1.320	1.2250605469e+00	1.0851658543e-11
1.330	1.2286057510e+00	1.1839114272e-11
1.340	1.2321569687e+00	1.2865125768e-11
1.350	1.2357141798e+00	1.3892960095e-11
1.360	1.2392773644e+00	1.4951618029e-11
1.370	1.2428465033e+00	1.6131793789e-11
1.380	1.2464215777e+00	1.7613021790e-11
1.390	1.2500025692e+00	1.9523452601e-11
1.400	1.2535894597e+00	2.1689702702e-11
1.410	1.2571822314e+00	2.4047691805e-11
1.420	1.2607808668e+00	2.6593428006e-11
1.430	1.2643853486e+00	2.9389308119e-11
1.440	1.2679956598e+00	3.2548974663e-11
1.450	1.2716117835e+00	3.6211916007e-11
1.460	1.2752337030e+00	4.0522246446e-11
1.470	1.2788614014e+00	4.5385310796e-11
1.480	1.2824948624e+00	5.0781257577e-11
1.490	1.2861340694e+00	5.6745115586e-11
1.500	1.2897790059e+00	6.3324506668e-11
1.510	1.2934296556e+00	7.0574649117e-11
1.520	1.2970860019e+00	7.8525810015e-11
1.530	1.3007480284e+00	8.7163095580e-11
1.540	1.3044157186e+00	9.6391704231e-11
1.550	1.3080890560e+00	1.0603204096e-10
1.560	1.3117680240e+00	1.5661128768e-11
1.570	1.3154526059e+00	1.2553402570e-10
1.580	1.3191427850e+00	1.6887920796e-11
1.590	1.3228385444e+00	1.7678157745e-11
1.600	1.3265398672e+00	1.8586091942e-11
1.610	1.3302467363e+00	1.9546466608e-11
1.620	1.3339591345e+00	2.0433092998e-11
1.630	1.3376770446e+00	2.1103489228e-11
1.640	1.3414004492e+00	1.2657598474e-10
1.650	1.3451293306e+00	1.0236259247e-10
1.660	1.3488636713e+00	7.1355592050e-11
1.670	1.3526034533e+00	3.8510773995e-11
1.680	1.3563486587e+00	4.2690420654e-11
1.690	1.3600992694e+00	1.2454506190e-10
1.700	1.3638552671e+00	3.3447179484e-11
1.710	1.3676166335e+00	3.2250263331e-11
1.720	1.3713833500e+00	2.9709690927e-11
1.730	1.3751553979e+00	3.2154650340e-11
1.740	1.3789327583e+00	4.1323078944e-11
1.750	1.3827154124e+00	5.2453535686e-11
1.760	1.3865033409e+00	6.0549567105e-11
1.770	1.3902965247e+00	6.0988240117e-11
1.780	1.3940949442e+00	5.2683094837e-11
1.790	1.3978985800e+00	4.0957375162e-11
1.800	1.4017074125e+00	4.6839681880e-11
1.810	1.4055214218e+00	7.0066667547e-11
1.820	1.4093405879e+00	9.3577170556e-11
1.830	1.4131648909e+00	1.0486462446e-10
1.840	1.4169943106e+00	9.7121176790e-11
1.850	1.4208288267e+00	7.5246156167e-11
1.860	1.4246684187e+00	5.7011595804e-11
1.870	1.4285130662e+00	8.3125181292e-11
1.880	1.4323627486e+00	1.2771382324e-10
1.890	1.4362174450e+00	9.2778543646e-11
1.900	1.4400771348e+00	1.1907294396e-10
1.910	1.4439417969e+00	1.1173095153e-10
1.920	1.4478114105e+00	8.1353984552e-11
1.930	1.4516859543e+00	7.0483876351e-11
1.940	1.4555654072e+00	9.8846698345e-11
1.950	1.4594497480e+00	1.2674468273e-10
1.960	1.4633389554e+00	1.3825538635e-10
1.970	1.4672330079e+00	1.3030872101e-10
1.980	1.4711318841e+00	1.1093820064e-10
1.990	1.4750355625e+00	9.3621644285e-11
2.000	1.4789440215e+00	9.6832703012e-11
2.010	1.4828572394e+00	1.1487172730e-10
2.020	1.4867751947e+00	1.2844216200e-10
2.030	1.4906978656e+00	1.3283069125e-10
2.040	1.4946252304e+00	1.3001030368e-10
2.050	1.4985572672e+00	1.2512081844e-10
2.060	1.5024939542e+00	1.2313045977e-10
2.070	1.5064352696e+00	1.2860197248e-10
2.080	1.5103811916e+00	1.3800458400e-10
2.090	1.5143316982e+00	1.4582933982e-10
2.100	1.5182867676e+00	1.5157677238e-10
2.110	1.5222463777e+00	4.6636000364e-12
2.120	1.5262105068e+00	4.4896627585e-12
2.130	1.5301791329e+00	6.4369280542e-12
2.140	1.5341522340e+00	1.0438263440e-11
2.150	1.5381297882e+00	1.4960069535e-11
2.160	1.5421117736e+00	1.6286426013e-11
2.170	1.5460981684e+00	1.1492641965e-11
2.180	1.5500889505e+00	1.9048612641e-12
2.190	1.5540840982e+00	1.0976721510e-11
2.200	1.5580835896e+00	4.7192088115e-11
2.210	1.5620874028e+00	1.0151800986e-10
2.220	1.5660955161e+00	7.5743823206e-12
2.230	1.5701079076e+00	1.8053299842e-14
2.240	1.5741245556e+00	1.1486100836e-10
2.250	1.5781454384e+00	1.9419831660e-11
2.260	1.5821705344e+00	7.7724780503e-11
2.270	1.5861998218e+00	2.1129303590e-14
2.280	1.5902332791e+00	1.8751429038e-14
2.290	1.5942708847e+00	1.9941638149e-14
2.300	1.5983126172e+00	1.8378615918e-14
2.310	1.6023584550e+00	1.3345372650e-10
2.320	1.6064083768e+00	1.0055228218e-10
2.330	1.6104623612e+00	5.2357846775e-11
2.340	1.6145203869e+00	3.0167949547e-11
2.350	1.6185824328e+00	1.6178290577e-11
2.360	1.6226484775e+00	7.8527824999e-12
2.370	1.6267185000e+00	3.2421681484e-12
2.380	1.6307924793e+00	1.4716457530e-10
2.390	1.6348703943e+00	6.5049738674e-14
2.400	1.6389522242e+00	2.3191148977e-13
2.410	1.6430379481e+00	5.5538009817e-13
2.420	1.6471275451e+00	7.4389954602e-13
2.430	1.6512209947e+00	8.1008754352e-13
2.440	1.6553182761e+00	7.8551518166e-13
2.450	1.6594193688e+00	7.0950272216e-13
2.460	1.6635242524e+00	6.0713850043e-13
2.470	1.6676329063e+00	5.0342580575e-13
2.480	1.6717453103e+00	4.0708864298e-13
2.490	1.6758614442e+00	3.2137635093e-13
2.500	1.6799812877e+00	2.5162420043e-13
2.510	1.6841048208e+00	1.9383040205e-13
2.520	1.6882320235e+00	7.2606754752e-11
2.530	1.6923628758e+00	7.9271863550e-12
2.540	1.6964973579e+00	1.3592802249e-11
2.550	1.7006354501e+00	4.3887149007e-11
2.560	1.7047771327e+00	6.9749651821e-11
2.570	1.7089223862e+00	8.7724936550e-11
2.580	1.7130711910e+00	9.8069760734e-11
2.590	1.7172235277e+00	1.0214557546e-10
2.600	1.7213793770e+00	1.0152522084e-10
2.610	1.7255387198e+00	9.7607588176e-11
2.620	1.7297015368e+00	9.1478022129e-11
2.630	1.7338678091e+00	9.0110618403e-11
2.640	1.7380375177e+00	7.5174011500e-11
2.650	1.7422106438e+00	6.6394691009e-11
2.660	1.7463871685e+00	6.1116942040e-11
2.670	1.7505670733e+00	6.1141504022e-11
2.680	1.7547503395e+00	6.8288687283e-11
2.690	1.7589369487e+00	1.1544670569e-10
2.700	1.7631268825e+00	9.5766383105e-11
2.710	1.7673201225e+00	1.1573463824e-10
2.720	1.7715166507e+00	9.7037333030e-11
2.730	1.7757164488e+00	5.2124048133e-11
2.740	1.7799194989e+00	1.4562650391e-10
2.750	1.7841257831e+00	2.5523849112e-11
2.760	1.7883352836e+00	1.6162856838e-11
2.770	1.7925479826e+00	1.0756083155e-11
2.780	1.7967638625e+00	8.4094318848e-12
2.790	1.8009829058e+00	7.5825686352e-12
2.800	1.8052050950e+00	1.0303300422e-10
2.810	1.8094304129e+00	5.5708688855e-12
2.820	1.8136588421e+00	4.5620182594e-12
2.830	1.8178903655e+00	3.6998599412e-12
2.840	1.8221249661e+00	3.0078057856e-12
2.850	1.8263626269e+00	2.4765571094e-12
2.860	1.8306033311e+00	1.3623623562e-10
2.870	1.8348470619e+00	1.7489756198e-12
2.880	1.8390938026e+00	1.5060959346e-12
2.890	1.8433435366e+00	1.3050649533e-12
2.900	1.8475962475e+00	1.1293335661e-12
2.910	1.8518519189e+00	9.6068464770e-13
2.920	1.8561105345e+00	7.8864595219e-13
2.930	1.8603720781e+00	6.0371604136e-13
2.940	1.8646365337e+00	4.2033346270e-13
2.950	1.8689038851e+00	4.5755287712e-13
2.960	1.8731741165e+00	8.4967237891e-13
2.970	1.8774472121e+00	1.7975033442e-12
2.980	1.8817231561e+00	3.7092994047e-12
2.990	1.8860019330e+00	7.2534703071e-12
3.000	1.8902835272e+00	1.3521777756e-11
3.010	1.8945679232e+00	2.4248179017e-11
3.020	1.8988551057e+00	4.2147571484e-11
3.030	1.9031450594e+00	7.1414551464e-11
3.040	1.9074377691e+00	1.1839152279e-10
3.050	1.9117332199e+00	8.4489755026e-14
3.060	1.9160313967e+00	8.2630792007e-14
3.070	1.9203322845e+00	8.2665164630e-14
3.080	1.9246358687e+00	8.1367022092e-14
3.090	1.9289421345e+00	7.9744268068e-14
3.100	1.9332510672e+00	9.7567170354e-14
3.110	1.9375626523e+00	1.3281454897e-13
3.120	1.9418768755e+00	1.6487422014e-13
3.130	1.9461937222e+00	2.0163702460e-13
3.140	1.9505131783e+00	2.9293423500e-13
3.150	1.9548352296e+00	4.2033082629e-13
3.160	1.9591598620e+00	5.1005936312e-13
3.170	1.9634870615e+00	5.1143157444e-13
3.180	1.9678168141e+00	3.9000063169e-13
3.190	1.9721491061e+00	1.4231468999e-13
3.200	1.9764839236e+00	8.9881659274e-13
3.210	1.9808212531e+00	1.2176964623e-11
3.220	1.9851610809e+00	1.0688658685e-11
3.230	1.9895033935e+00	2.3593426324e-11
3.240	1.9938481776e+00	4.2792645783e-11
3.250	1.9981954199e+00	6.3347119066e-11
3.260	2.0025451070e+00	7.1272171096e-11
3.270	2.0068972258e+00	1.0070466031e-10
3.280	2.0112517633e+00	1.4133021405e-12
3.290	2.0156087065e+00	1.5492107309e-10
3.300	2.0199680424e+00	1.9109832499e-13
3.310	2.0243297582e+00	2.0311817686e-13
3.320	2.0286938413e+00	2.2276014947e-13
3.330	2.0330602788e+00	7.5506413926e-11
3.340	2.0374290582e+00	1.9058007980e-12
3.350	2.0418001671e+00	1.7564674999e-10
3.360	2.0461735929e+00	3.1466239542e-11
3.370	2.0505493234e+00	2.8448924968e-11
3.380	2.0549273462e+00	1.9384116856e-11
3.390	2.0593076492e+00	1.0778142262e-11
3.400	2.0636902202e+00	5.1098066193e-12
3.410	2.0680750473e+00	2.2012066018e-12
3.420	2.0724621183e+00	9.3242240663e-13
3.430	2.0768514216e+00	4.5955535170e-13
3.440	2.0812429451e+00	6.7247689710e-13
3.450	2.0856366773e+00	5.6217335311e-11
3.460	2.0900326064e+00	8.8134836637e-13
3.470	2.0944307208e+00	6.9481260962e-13
3.480	2.0988310091e+00	8.2128364554e-13
3.490	2.1032334598e+00	9.5821979561e-13
3.500	2.1076380614e+00	8.9014852686e-13
3.510	2.1120448028e+00	7.8084925860e-13
3.520	2.1164536727e+00	9.0575924487e-13
3.530	2.1208646599e+00	1.0140420886e-12
3.540	2.1252777534e+00	1.5826243099e-10
3.550	2.1296929421e+00	1.0880011900e-10
3.560	2.1341102151e+00	7.3439353162e-11
3.570	2.1385295616e+00	4.8851952157e-11
3.580	2.1429509706e+00	3.2146758520e-11
3.590	2.1473744315e+00	2.1041707304e-11
3.600	2.1517999337e+00	1.3816315139e-11
3.610	2.1562274664e+00	9.1996599090e-12
3.620	2.1606570193e+00	6.3379438118e-12
3.630	2.1650885817e+00	4.6348617302e-12
3.640	2.1695221434e+00	3.6321923986e-12
3.650	2.1739576939e+00	3.0125246117e-12
3.660	2.1783952231e+00	2.8052893110e-12
3.670	2.1828347207e+00	2.9700653297e-12
3.680	2.1872761765e+00	3.0717075462e-12
3.690	2.1917195806e+00	2.8675076860e-12
3.700	2.1961649228e+00	3.2023973192e-12
3.710	2.2006121933e+00	4.0323452794e-12
3.720	2.2050613822e+00	4.1741296006e-12
3.730	2.2095124796e+00	3.6616511886e-12
3.740	2.2139654759e+00	4.7753029249e-12
3.750	2.2184203612e+00	6.3410995324e-12
3.760	2.2228771259e+00	7.0851333902e-12
3.770	2.2273357606e+00	8.4620935309e-12
3.780	2.2317962556e+00	1.2894471481e-11
3.790	2.2362586016e+00	1.7555890911e-11
3.800	2.2407227890e+00	2.0376222598e-11
3.810	2.2451888087e+00	1.9023953589e-11
3.820	2.2496566513e+00	9.6193980000e-12
3.830	2.2541263076e+00	1.7324121360e-11
3.840	2.2585977685e+00	1.0603891903e-10
3.850	2.2630710248e+00	2.9093731234e-12
3.860	2.2675460675e+00	2.2586465645e-12
3.870	2.2720228877e+00	1.2891877142e-12
3.880	2.2765014763e+00	2.8978123528e-13
3.890	2.2809818246e+00	5.0842804635e-13
3.900	2.2854639237e+00	4.5503602428e-12
3.910	2.2899477648e+00	6.4398712193e-12
3.920	2.2944333393e+00	1.2996087055e-11
3.930	2.2989206384e+00	2.3635964921e-11
3.940	2.3034096536e+00	3.9856439673e-11
3.950	2.3079003764e+00	6.3696783841e-11
3.960	2.3123927983e+00	9.9216381809e-11
3.970	2.3168869107e+00	2.2919018373e-10
3.980	2.3213827054e+00	2.2443256696e-11
3.990	2.3258801741e+00	2.4703847125e-12
4.000	2.3303793083e+00	3.0062470952e-12
4.010	2.3348801000e+00	8.2401341239e-12
4.020	2.3393825408e+00	7.8104794091e-12
4.030	2.3438866228e+00	3.0851449762e-12
4.040	2.3483923378e+00	6.2379279065e-12
4.050	2.3528996778e+00	8.9046462719e-12
4.060	2.3574086349e+00	4.8394802068e-12
4.070	2.3619192011e+00	2.8135024256e-12
4.080	2.3664313684e+00	8.0267020396e-12
4.090	2.3709451292e+00	8.3590613332e-12
4.100	2.3754604757e+00	5.4100628650e-12
4.110	2.3799774000e+00	8.1586136340e-12
4.120	2.3844958945e+00	1.2246763011e-11
4.130	2.3890159516e+00	1.4367214467e-11
4.140	2.3935375638e+00	1.7784880553e-11
4.150	2.3980607234e+00	2.5367279700e-11
4.160	2.4025854229e+00	3.4958714399e-11
4.170	2.4071116550e+00	4.7354531587e-11
4.180	2.4116394122e+00	6.4450736509e-11
4.190	2.4161686871e+00	8.7885039126e-11
4.200	2.4206994726e+00	1.1859367333e-10
4.210	2.4252317612e+00	1.5785743667e-10
4.220	2.4297655457e+00	2.0676440385e-10
4.230	2.4343008191e+00	7.9791238710e-13
4.240	2.4388375741e+00	2.0857934147e-12
4.250	2.4433758038e+00	1.7489087520e-12
4.260	2.4479155009e+00	2.4757944989e-13
4.270	2.4524566586e+00	5.2851552717e-12
4.280	2.4569992698e+00	9.2827882597e-12
4.290	2.4615433277e+00	2.2889587298e-10
4.300	2.4660888254e+00	4.7145142116e-12
4.310	2.4706357560e+00	1.9603560564e-11
4.320	2.4751841127e+00	1.6926453955e-11
4.330	2.4797338889e+00	4.4682720939e-13
4.340	2.4842850778e+00	2.0097737638e-11
4.350	2.4888376727e+00	2.8510659814e-11
4.360	2.4933916671e+00	8.8851467001e-12
4.370	2.4979470542e+00	1.3432516699e-11
4.380	2.5025038276e+00	4.0471396248e-11
4.390	2.5070619808e+00	5.5635403640e-11
4.400	2.5116215073e+00	9.0139818581e-11
4.410	2.5161824006e+00	1.7901794607e-10
4.420	2.5207446544e+00	1.0881742969e-11
4.430	2.5253082624e+00	2.5647549514e-12
4.440	2.5298732182e+00	1.6806123546e-10
4.450	2.5344395155e+00	1.0191483344e-10
4.460	2.5390071481e+00	2.2267753728e-12
4.470	2.5435761098e+00	3.2996650952e-13
4.480	2.5481463944e+00	3.6115591664e-13
4.490	2.5527179959e+00	7.4035021041e-13
4.500	2.5572909081e+00	1.0948204895e-12
4.510	2.5618651250e+00	1.2704512391e-12
4.520	2.5664406405e+00	3.4428538037e-13
4.530	2.5710174486e+00	1.9089554158e-12
4.540	2.5755955436e+00	7.4734649796e-12
4.550	2.5801749193e+00	8.0790058588e-12
4.560	2.5847555700e+00	4.5693390203e-11
4.570	2.5893374898e+00	4.2238669051e-11
4.580	2.5939206728e+00	9.2150863518e-11
4.590	2.5985051134e+00	6.6339234545e-11
4.600	2.6030908058e+00	5.3412505492e-11
4.610	2.6076777443e+00	9.3960495607e-11
4.620	2.6122659232e+00	6.6111362850e-11
4.630	2.6168553369e+00	7.5701054807e-12
4.640	2.6214459798e+00	8.6734630894e-11
4.650	2.6260378463e+00	9.6196147925e-11
4.660	2.6306309309e+00	1.1388357939e-11
4.670	2.6352252281e+00	5.2571854677e-11
4.680	2.6398207323e+00	8.8450803566e-11
4.690	2.6444174382e+00	2.9631271805e-11
4.700	2.6490153404e+00	1.3120013336e-11
4.710	2.6536144335e+00	4.5423274280e-11
4.720	2.6582147121e+00	2.6609172472e-11
4.730	2.6628161709e+00	1.3087486346e-10
4.740	2.6674188047e+00	7.0452802284e-11
4.750	2.6720226082e+00	3.5700974796e-11
4.760	2.6766275761e+00	1.1399836831e-11
4.770	2.6812337033e+00	2.4617261354e-12
4.780	2.6858409846e+00	2.2822553072e-12
4.790	2.6904494150e+00	2.5964012705e-12
4.800	2.6950589892e+00	4.1466157629e-12
4.810	2.6996697022e+00	6.5584259689e-12
4.820	2.7042815490e+00	4.6120436436e-12
4.830	2.7088945246e+00	5.6187747902e-12
4.840	2.7135086240e+00	2.5569743107e-11
4.850	2.7181238422e+00	3.2544307378e-11
4.860	2.7227401743e+00	2.4822457593e-12
4.870	2.7273576154e+00	5.9517121820e-11
4.880	2.7319761606e+00	1.2504340716e-10
4.890	2.7365958051e+00	4.7463965429e-11
4.900	2.7412165442e+00	7.5088193631e-11
4.910	2.7458383729e+00	2.6121292226e-10
4.920	2.7504612865e+00	1.6292901508e-10
4.930	2.7550852803e+00	4.3944234458e-11
4.940	2.7597103497e+00	4.5498475120e-12
4.950	2.7643364898e+00	2.7192479007e-10
4.960	2.7689636961e+00	7.3239385222e-12
4.970	2.7735919640e+00	2.4420474788e-10
4.980	2.7782212888e+00	2.5241122230e-10
4.990	2.7828516660e+00	5.7886057479e-11
5.000	2.7874830910e+00	2.4281104684e-10
5.010	2.7921155593e+00	1.4185097269e-10
5.020	2.7967490665e+00	1.5222699199e-10
5.030	2.8013836079e+00	9.8524598009e-11
5.040	2.8060191793e+00	1.0485849772e-10
5.050	2.8106557761e+00	6.6300570425e-11
5.060	2.8152933940e+00	3.2785236493e-11
5.070	2.8199320287e+00	3.0088174175e-11
5.080	2.8245716757e+00	2.3834053268e-11
5.090	2.8292123307e+00	1.4217889713e-11
5.100	2.8338539895e+00	1.3982334838e-11
5.110	2.8384966478e+00	2.1741401709e-11
5.120	2.8431403013e+00	1.6992232331e-11
5.130	2.8477849458e+00	1.0432923744e-11
5.140	2.8524305771e+00	1.1780858802e-10
5.150	2.8570771910e+00	1.0768697949e-10
5.160	2.8617247834e+00	2.5392303883e-10
5.170	2.8663733501e+00	1.7841903117e-10
5.180	2.8710228871e+00	1.2905439850e-10
5.190	2.8756733902e+00	2.1141120338e-10
5.200	2.8803248554e+00	1.1492621809e-10
5.210	2.8849772786e+00	6.4958483795e-11
5.220	2.8896306558e+00	3.9607268524e-11
5.230	2.8942849831e+00	2.6214302133e-11
5.240	2.8989402564e+00	1.8617403866e-11
5.250	2.9035964718e+00	1.3908690232e-11
5.260	2.9082536254e+00	1.5256794577e-10
5.270	2.9129117132e+00	8.2045108837e-12
5.280	2.9175707314e+00	6.8060092106e-12
5.290	2.9222306762e+00	2.7053550819e-11
5.300	2.9268915435e+00	6.6274467918e-12
5.310	2.9315533297e+00	8.0543578454e-12
5.320	2.9362160310e+00	2.3155693263e-11
5.330	2.9408796435e+00	1.2917400377e-10
5.340	2.9455441634e+00	1.3671605672e-10
5.350	2.9502095871e+00	5.7650999453e-11
5.360	2.9548759109e+00	6.5938940153e-11
5.370	2.9595431310e+00	1.0858119908e-10
5.380	2.9642112437e+00	1.4438003356e-10
5.390	2.9688802454e+00	2.0367106065e-10
5.400	2.9735501324e+00	1.2735746648e-11
5.410	2.9782209012e+00	4.5242364109e-11
5.420	2.9828925481e+00	4.4150916994e-11
5.430	2.9875650695e+00	1.3329845284e-11
5.440	2.9922384620e+00	2.1110298308e-10
5.450	2.9969127218e+00	8.0500130143e-13
5.460	3.0015878455e+00	1.7621224751e-11
5.470	3.0062638297e+00	9.7103070312e-13
5.480	3.0109406708e+00	1.1230007658e-12
5.490	3.0156183653e+00	2.1535759469e-10
5.500	3.0202969098e+00	1.8636873708e-12
5.510	3.0249763009e+00	2.8115998550e-12
5.520	3.0296565351e+00	4.7089597948e-12
5.530	3.0343376091e+00	8.4382078759e-12
5.540	3.0390195195e+00	1.5421919263e-11
5.550	3.0437022629e+00	2.7566350473e-11
5.560	3.0483858360e+00	4.6149353538e-11
5.570	3.0530702355e+00	6.8478566160e-11
5.580	3.0577554580e+00	8.0535734591e-11
5.590	3.0624415003e+00	5.1232539073e-11
5.600	3.0671283591e+00	2.8182964493e-11
5.610	3.0718160311e+00	4.4557753701e-12
5.620	3.0765045131e+00	1.1380989208e-10
5.630	3.0811938019e+00	5.7653634254e-12
5.640	3.0858838944e+00	1.8669495566e-10
5.650	3.0905747872e+00	7.8455033101e-12
5.660	3.0952664772e+00	7.0559568013e-11
5.670	3.0999589614e+00	5.8247885039e-11
5.680	3.1046522364e+00	2.8772736951e-11
5.690	3.1093462993e+00	1.8070851175e-11
5.700	3.1140411470e+00	4.0764098865e-11
5.710	3.1187367763e+00	1.3553882184e-10
5.720	3.1234331841e+00	1.4840675414e-10
5.730	3.1281303675e+00	4.6835255391e-11
5.740	3.1328283233e+00	1.9915897643e-11
5.750	3.1375270486e+00	2.2325918412e-11
5.760	3.1422265403e+00	3.1692189196e-11
5.770	3.1469267955e+00	2.8081814466e-11
5.780	3.1516278112e+00	2.4196051722e-10
5.790	3.1563295844e+00	2.5764651618e-10
5.800	3.1610321122e+00	4.7581834526e-11
5.810	3.1657353916e+00	4.5251738881e-11
5.820	3.1704394198e+00	5.3226074801e-11
5.830	3.1751441938e+00	5.9855631772e-11
5.840	3.1798497107e+00	6.6295172646e-11
5.850	3.1845559677e+00	7.3542987820e-11
5.860	3.1892629619e+00	8.2012931770e-11
5.870	3.1939706905e+00	9.1862242777e-11
5.880	3.1986791507e+00	1.5707316593e-10
5.890	3.2033883396e+00	1.5503688469e-10
5.900	3.2080982545e+00	2.4297295560e-10
5.910	3.2128088925e+00	2.8859227009e-10
5.920	3.2175202509e+00	3.0468075529e-10
5.930	3.2222323269e+00	3.0807452389e-10
5.940	3.2269451179e+00	2.2849580303e-10
5.950	3.2316586210e+00	1.8879117965e-10
5.960	3.2363728336e+00	2.1904078272e-10
5.970	3.2410877529e+00	1.0347432930e-10
5.980	3.2458033763e+00	6.3477109853e-11
5.990	3.2505197011e+00	5.4072360413e-11
6.000	3.2552367247e+00	7.6724371648e-11
6.010	3.2599544443e+00	1.3066338425e-11
6.020	3.2646728575e+00	7.6296376795e-12
6.030	3.2693919614e+00	1.0273382546e-10
6.040	3.2741117536e+00	4.0534361519e-12
6.050	3.2788322315e+00	2.7478724893e-12
6.060	3.2835533924e+00	1.2268457886e-10
6.070	3.2882752339e+00	1.2911399654e-12
6.080	3.2929977533e+00	8.8889526659e-13
6.090	3.2977209481e+00	2.5524490150e-10
6.100	3.3024448157e+00	6.5899335559e-13
6.110	3.3071693538e+00	1.3618156829e-12
6.120	3.3118945597e+00	3.6913909654e-12
6.130	3.3166204310e+00	9.9153838324e-12
6.140	3.3213469652e+00	2.4896924430e-11
6.150	3.3260741598e+00	5.8051150983e-11
6.160	3.3308020124e+00	1.2511602239e-10
6.170	3.3355305205e+00	2.4541202164e-10
6.180	3.3402596817e+00	5.6665251120e-14
6.190	3.3449894936e+00	6.2617507898e-14
6.200	3.3497199538e+00	6.4245276727e-14
6.210	3.3544510599e+00	1.7570696024e-12
6.220	3.3591828095e+00	1.6971786820e-13
6.230	3.3639152002e+00	8.5231981916e-13
6.240	3.3686482297e+00	4.0250982601e-11
6.250	3.3733818957e+00	2.7074580032e-12
6.260	3.3781161957e+00	2.4346605169e-10
6.270	3.3828511275e+00	4.1946105776e-11
6.280	3.3875866888e+00	1.1519295767e-10
6.290	3.3923228772e+00	8.6455961554e-11
6.300	3.3970596905e+00	1.3750218392e-10
6.310	3.4017971264e+00	3.9388239307e-13
6.320	3.4065351826e+00	1.0266528977e-12
6.330	3.4112738569e+00	1.0239156159e-12
6.340	3.4160131469e+00	4.8365477318e-13
6.350	3.4207530506e+00	1.7655128190e-13
6.360	3.4254935656e+00	9.2231426936e-14
6.370	3.4302346898e+00	1.7240386468e-10
6.380	3.4349764209e+00	5.4473941322e-12
6.390	3.4397187568e+00	1.7000726492e-11
6.400	3.4444616953e+00	2.3857164220e-11
6.410	3.4492052341e+00	1.8869191612e-11
6.420	3.4539493712e+00	1.2025018270e-11
6.430	3.4586941044e+00	6.8278023269e-12
6.440	3.4634394315e+00	3.6139689635e-12
6.450	3.4681853504e+00	1.8163691713e-12
6.460	3.4729318591e+00	8.8180262099e-13
6.470	3.4776789553e+00	4.6803087373e-13
6.480	3.4824266370e+00	3.7879562549e-13
6.490	3.4871749021e+00	5.3866295955e-13
6.500	3.4919237486e+00	9.9914538762e-13
6.510	3.4966731743e+00	1.8373767702e-12
6.520	3.5014231772e+00	3.5578956180e-12
6.530	3.5061737552e+00	7.8493562507e-12
6.540	3.5109249064e+00	1.6829107409e-11
6.550	3.5156766286e+00	2.8154191236e-11
6.560	3.5204289199e+00	2.1388117142e-10
6.570	3.5251817782e+00	1.6883505791e-10
6.580	3.5299352016e+00	1.9859530106e-10
6.590	3.5346891880e+00	1.7795250192e-10
6.600	3.5394437355e+00	3.3134302486e-10
6.610	3.5441988420e+00	2.0847290391e-12
6.620	3.5489545057e+00	2.7812983733e-12
6.630	3.5537107246e+00	1.3547315192e-12
6.640	3.5584674967e+00	4.3559325489e-13
6.650	3.5632248201e+00	2.2324744797e-13
6.660	3.5679826929e+00	2.7203462981e-13
6.670	3.5727411131e+00	3.8221094475e-13
6.680	3.5775000789e+00	4.6486360116e-13
6.690	3.5822595883e+00	4.9425382225e-13
6.700	3.5870196394e+00	3.3527279174e-13
6.710	3.5917802304e+00	7.1044096052e-14
6.720	3.5965413594e+00	1.8164256505e-12
6.730	3.6013030245e+00	9.4477362349e-12
6.740	3.6060652239e+00	3.3806463810e-11
6.750	3.6108279557e+00	1.0119703074e-10
6.760	3.6155912181e+00	2.6861371917e-10
6.770	3.6203550092e+00	3.6052922052e-11
6.780	3.6251193272e+00	7.5920500079e-14
6.790	3.6298841704e+00	1.1368555059e-13
6.800	3.6346495369e+00	2.1450001382e-13
6.810	3.6394154248e+00	1.9087304179e-13
6.820	3.6441818325e+00	1.9260209499e-13
6.830	3.6489487581e+00	3.0310279915e-12
6.840	3.6537161999e+00	1.2553849095e-11
6.850	3.6584841561e+00	2.0670911472e-11
6.860	3.6632526249e+00	6.4590932281e-13
6.870	3.6680216047e+00	1.4985975198e-10
6.880	3.6727910935e+00	1.2909497471e-10
6.890	3.6775610898e+00	3.1905208833e-10
6.900	3.6823315918e+00	2.9766124541e-12
6.910	3.6871025978e+00	7.2356631962e-12
6.920	3.6918741060e+00	3.7585319040e-12
6.930	3.6966461148e+00	9.9972459807e-13
6.940	3.7014186225e+00	1.2383916059e-13
6.950	3.7061916274e+00	8.6063430500e-14
6.960	3.7109651278e+00	1.0823594320e-11
6.970	3.7157391220e+00	1.3735269570e-10
6.980	3.7205136084e+00	1.3766253917e-10
6.990	3.7252885853e+00	9.2501903088e-11
7.000	3.7300640511e+00	5.2082431018e-11
7.010	3.7348400042e+00	1.2338703046e-10
7.020	3.7396164428e+00	1.2625924914e-11
7.030	3.7443933654e+00	5.7389676635e-12
7.040	3.7491707703e+00	2.5164375537e-12
7.050	3.7539486560e+00	1.0825030029e-12
7.060	3.7587270209e+00	4.6739434791e-13
7.070	3.7635058632e+00	2.1852590697e-13
7.080	3.7682851816e+00	1.6552026844e-13
7.090	3.7730649742e+00	2.2275164640e-13
7.100	3.7778452397e+00	4.4160359142e-13
7.110	3.7826259764e+00	5.1876926371e-13
7.120	3.7874071828e+00	3.7528543217e-10
7.130	3.7921888573e+00	2.5331624449e-10
7.140	3.7969709983e+00	1.9073927935e-10
7.150	3.8017536044e+00	1.5642184994e-10
7.160	3.8065366739e+00	6.8977276678e-11
7.170	3.8113202054e+00	4.4637950264e-11
7.180	3.8161041974e+00	1.2692805759e-10
7.190	3.8208886482e+00	1.9550897597e-11
7.200	3.8256735565e+00	2.9379574779e-11
7.210	3.8304589207e+00	1.8558828745e-11
7.220	3.8352447393e+00	8.0947909259e-12
7.230	3.8400310108e+00	3.6839434925e-12
7.240	3.8448177338e+00	2.4096634691e-12
7.250	3.8496049068e+00	1.8571521010e-12
7.260	3.8543925283e+00	1.6108788993e-12
7.270	3.8591805968e+00	1.6544928124e-12
7.280	3.8639691109e+00	2.0311107277e-12
7.290	3.8687580692e+00	2.8508532240e-10
7.300	3.8735474701e+00	1.8381154136e-10
7.310	3.8783373124e+00	1.1852207290e-10
7.320	3.8831275944e+00	7.4927622371e-11
7.330	3.8879183149e+00	5.0334234863e-11
7.340	3.8927094724e+00	6.3052083730e-11
7.350	3.8975010654e+00	1.6724885498e-10
7.360	3.9022930927e+00	1.2273630126e-11
7.370	3.9070855527e+00	7.9199996141e-12
7.380	3.9118784441e+00	5.1127620467e-12
7.390	3.9166717655e+00	3.6249817460e-12
7.400	3.9214655155e+00	2.9223917300e-12
7.410	3.9262596927e+00	2.6701450772e-12
7.420	3.9310542959e+00	9.4729225307e-13
7.430	3.9358493235e+00	1.2877153422e-11
7.440	3.9406447743e+00	6.5863796018e-11
7.450	3.9454406469e+00	1.1751120301e-10
7.460	3.9502369399e+00	5.7176154563e-12
7.470	3.9550336521e+00	3.1035452851e-13
7.480	3.9598307821e+00	1.5471539306e-11
7.490	3.9646283285e+00	3.6018720249e-11
7.500	3.9694262900e+00	2.9987386145e-11
7.510	3.9742246653e+00	9.6636975426e-12
7.520	3.9790234532e+00	1.6995946921e-12
7.530	3.9838226522e+00	6.4239409873e-13
7.540	3.9886222611e+00	1.4249769520e-10
7.550	3.9934222787e+00	8.5642833860e-13
7.560	3.9982227035e+00	1.0372176954e-12
7.570	4.0030235344e+00	9.8241841955e-13
7.580	4.0078247700e+00	2.0862771766e-10
7.590	4.0126264091e+00	9.7908671146e-11
7.600	4.0174284504e+00	4.3575539487e-11
7.610	4.0222308927e+00	1.9127722783e-11
7.620	4.0270337346e+00	8.8713310374e-12
7.630	4.0318369750e+00	4.9285422119e-12
7.640	4.0366406125e+00	3.5803154789e-12
7.650	4.0414446460e+00	3.4601600897e-12
7.660	4.0462490742e+00	3.5584777843e-12
7.670	4.0510538959e+00	4.2013610677e-12
7.680	4.0558591099e+00	4.5143340171e-12
7.690	4.0606647149e+00	5.6853720629e-12
7.700	4.0654707097e+00	6.9488005489e-12
7.710	4.0702770931e+00	8.4150230595e-12
7.720	4.0750838640e+00	5.2286972046e-12
7.730	4.0798910210e+00	3.1477889394e-11
7.740	4.0846985630e+00	1.5423967707e-10
7.750	4.0895064889e+00	2.5657407982e-10
7.760	4.0943147974e+00	6.1481448910e-11
7.770	4.0991234873e+00	1.7721388289e-10
7.780	4.1039325575e+00	9.4691798800e-11
7.790	4.1087420069e+00	2.3296366659e-10
7.800	4.1135518341e+00	2.3516697015e-10
7.810	4.1183620382e+00	6.5017837953e-12
7.820	4.1231726179e+00	3.4157557762e-12
7.830	4.1279835720e+00	4.2330800032e-12
7.840	4.1327948995e+00	5.0195442847e-12
7.850	4.1376065992e+00	5.6304740096e-12
7.860	4.1424186699e+00	6.9743631199e-12
7.870	4.1472311105e+00	8.8879494296e-12
7.880	4.1520439199e+00	1.1788877181e-11
7.890	4.1568570970e+00	1.5962627230e-11
7.900	4.1616706406e+00	2.1562726103e-11
7.910	4.1664845496e+00	2.7744839962e-11
7.920	4.1712988230e+00	3.1127689558e-11
7.930	4.1761134596e+00	2.4618374352e-11
7.940	4.1809284583e+00	3.2861580228e-11
7.950	4.1857438180e+00	2.0776687744e-10
7.960	4.1905595376e+00	2.6079788363e-11
7.970	4.1953756161e+00	3.0861399394e-11
7.980	4.2001920524e+00	1.9924566313e-10
7.990	4.2050088453e+00	4.3379671390e-11
8.000	4.2098259939e+00	5.3454242973e-11
8.010	4.2146434969e+00	6.4640440248e-11
8.020	4.2194613535e+00	6.8405797006e-11
8.030	4.2242795624e+00	1.4435542927e-10
8.040	4.2290981227e+00	9.3984353490e-11
8.050	4.2339170334e+00	1.1047114183e-10
8.060	4.2387362932e+00	1.2993277934e-10
8.070	4.2435559013e+00	1.8949112173e-10
8.080	4.2483758566e+00	3.5642999970e-10
8.090	4.2531961580e+00	2.9363069013e-10
8.100	4.2580168044e+00	2.5682498835e-10
8.110	4.2628377950e+00	2.8566532725e-10
8.120	4.2676591286e+00	3.3753331444e-10
8.130	4.2724808043e+00	3.9731209118e-10
8.140	4.2773028210e+00	9.6097089962e-12
8.150	4.2821251777e+00	1.1635818616e-11
8.160	4.2869478734e+00	1.2674642604e-11
8.170	4.2917709071e+00	3.5538312567e-10
8.180	4.2965942778e+00	1.5409084346e-10
8.190	4.3014179845e+00	7.2487274734e-11
8.200	4.3062420262e+00	4.2950697478e-11
8.210	4.3110664019e+00	3.5039797247e-11
8.220	4.3158911107e+00	3.5936707156e-11
8.230	4.3207161516e+00	4.0689349292e-11
8.240	4.3255415235e+00	4.7715112265e-11
8.250	4.3303672256e+00	5.6145040777e-11
8.260	4.3351932568e+00	6.6989423962e-11
8.270	4.3400196162e+00	7.8066605528e-11
8.280	4.3448463029e+00	9.3931012110e-11
8.290	4.3496733158e+00	1.1086856883e-10
8.300	4.3545006540e+00	1.3768544816e-10
8.310	4.3593283166e+00	1.6650706572e-10
8.320	4.3641563027e+00	3.9710433322e-10
8.330	4.3689846112e+00	2.9625203115e-10
8.340	4.3738132413e+00	3.2994574501e-10
8.350	4.3786421920e+00	3.4435274056e-10
8.360	4.3834714623e+00	1.1298944152e-10
8.370	4.3883010515e+00	3.6856122432e-10
8.380	4.3931309585e+00	2.3555881164e-10
8.390	4.3979611823e+00	5.6007628917e-11
8.400	4.4027917222e+00	5.2045573848e-12
8.410	4.4076225772e+00	7.0036153049e-12
8.420	4.4124537464e+00	3.6775852114e-12
8.430	4.4172852288e+00	4.3834734776e-12
8.440	4.4221170236e+00	2.0702857099e-12
8.450	4.4269491299e+00	3.2353619581e-12
8.460	4.4317815468e+00	3.8267508963e-12
8.470	4.4366142733e+00	6.3431620351e-12
8.480	4.4414473087e+00	1.1195243519e-11
8.490	4.4462806520e+00	1.9939150417e-11
8.500	4.4511143023e+00	3.4431982402e-11
8.510	4.4559482588e+00	5.5222838589e-11
8.520	4.4607825205e+00	7.7463975354e-11
8.530	4.4656170867e+00	7.8751107908e-11
8.540	4.4704519564e+00	2.0995970690e-11
8.550	4.4752871289e+00	1.9232892993e-10
8.560	4.4801226031e+00	3.1464284002e-12
8.570	4.4849583783e+00	1.1385643902e-12
8.580	4.4897944536e+00	3.5555373038e-12
8.590	4.4946308282e+00	6.8534843511e-12
8.600	4.4994675012e+00	1.9097521605e-11
8.610	4.5043044718e+00	3.2449876796e-11
8.620	4.5091417391e+00	4.2313523148e-12
8.630	4.5139793023e+00	4.4047839460e-10
8.640	4.5188171605e+00	6.9231339661e-13
8.650	4.5236553130e+00	8.8452767681e-13
8.660	4.5284937588e+00	9.2773091357e-13
8.670	4.5333324973e+00	1.5991803617e-12
8.680	4.5381715275e+00	1.6031908041e-10
8.690	4.5430108486e+00	1.3118180953e-11
8.700	4.5478504598e+00	7.5371595948e-12
8.710	4.5526903604e+00	1.0610318984e-11
8.720	4.5575305494e+00	7.5280714623e-12
8.730	4.5623710261e+00	5.5255605643e-12
8.740	4.5672117897e+00	7.3865294583e-12
8.750	4.5720528394e+00	4.5109686271e-12
8.760	4.5768941744e+00	4.4750572742e-10
8.770	4.5817357938e+00	1.5957569334e-10
8.780	4.5865776970e+00	5.7532427741e-11
8.790	4.5914198831e+00	2.3526861937e-11
8.800	4.5962623513e+00	1.4293685367e-11
8.810	4.6011051008e+00	1.3014896086e-11
8.820	4.6059481309e+00	1.5441799899e-11
8.830	4.6107914408e+00	1.7828676111e-11
8.840	4.6156350297e+00	2.3595895513e-11
8.850	4.6204788968e+00	2.7696817145e-11
8.860	4.6253230414e+00	3.2785427484e-11
8.870	4.6301674627e+00	4.1814193764e-11
8.880	4.6350121600e+00	4.3592185441e-11
8.890	4.6398571324e+00	6.5438688911e-11
8.900	4.6447023793e+00	9.8275288545e-11
8.910	4.6495478998e+00	1.3252992633e-10
8.920	4.6543936933e+00	1.1468930809e-10
8.930	4.6592397590e+00	9.4218943213e-11
8.940	4.6640860960e+00	1.0736154347e-10
8.950	4.6689327038e+00	4.3263953006e-10
8.960	4.6737795815e+00	1.2935270903e-10
8.970	4.6786267284e+00	1.3223071981e-10
8.980	4.6834741438e+00	1.6963199715e-10
8.990	4.6883218270e+00	9.5155939100e-11
9.000	4.6931697771e+00	4.4620862407e-11
9.010	4.6980179935e+00	4.2347214387e-11
9.020	4.7028664755e+00	3.2944467999e-10
9.030	4.7077152224e+00	2.0429836941e-12
9.040	4.7125642333e+00	7.7774548530e-12
9.050	4.7174135077e+00	5.4086975419e-12
9.060	4.7222630448e+00	7.7467240896e-12
9.070	4.7271128438e+00	1.3613646343e-11
9.080	4.7319629042e+00	2.5538273277e-11
9.090	4.7368132250e+00	4.9312436050e-11
9.100	4.7416638058e+00	9.2272309578e-11
9.110	4.7465146457e+00	1.6290857915e-10
9.120	4.7513657441e+00	2.5942333597e-10
9.130	4.7562171003e+00	3.3488107741e-10
9.140	4.7610687135e+00	2.2877334691e-10
9.150	4.7659205832e+00	1.6222756277e-10
9.160	4.7707727085e+00	9.8687578631e-13
9.170	4.7756250889e+00	1.3548067806e-11
9.180	4.7804777235e+00	9.1592375197e-12
9.190	4.7853306119e+00	2.8175163037e-11
9.200	4.7901837532e+00	9.1507166566e-11
9.210	4.7950371468e+00	1.1201129213e-10
9.220	4.7998907921e+00	1.9218108489e-10
9.230	4.8047446883e+00	9.3443456694e-14
9.240	4.8095988347e+00	3.3760034016e-13
9.250	4.8144532309e+00	3.3604370294e-13
9.260	4.8193078759e+00	1.3327781060e-12
9.270	4.8241627693e+00	2.0533575780e-10
9.280	4.8290179103e+00	1.2458294365e-11
9.290	4.8338732983e+00	2.4461229318e-11
9.300	4.8387289326e+00	2.8863625849e-11
9.310	4.8435848126e+00	1.0754968831e-11
9.320	4.8484409377e+00	1.2491403315e-11
9.330	4.8532973071e+00	1.4509338214e-11
9.340	4.8581539202e+00	1.3610204814e-12
9.350	4.8630107765e+00	4.7011980348e-10
9.360	4.8678678752e+00	1.3730972811e-10
9.370	4.8727252157e+00	3.7527633658e-11
9.380	4.8775827974e+00	7.8699069267e-12
9.390	4.8824406196e+00	1.4035877986e-12
9.400	4.8872986818e+00	3.5331453458e-13
9.410	4.8921569833e+00	3.0405107033e-12
9.420	4.8970155234e+00	6.8182032116e-13
9.430	4.9018743015e+00	1.2560484699e-11
9.440	4.9067333171e+00	4.7083683947e-12
9.450	4.9115925695e+00	1.9387938693e-11
9.460	4.9164520580e+00	2.2649096878e-11
9.470	4.9213117821e+00	5.2786528611e-12
9.480	4.9261717412e+00	2.9553601645e-11
9.490	4.9310319346e+00	3.7908108451e-10
9.500	4.9358923617e+00	3.7773193514e-10
9.510	4.9407530220e+00	2.7097372986e-10
9.520	4.9456139148e+00	5.8115777870e-11
9.530	4.9504750394e+00	3.2339783619e-11
9.540	4.9553363954e+00	1.8633409391e-11
9.550	4.9601979822e+00	1.0152645178e-11
9.560	4.9650597990e+00	1.0284890616e-11
9.570	4.9699218454e+00	1.0546450990e-11
9.580	4.9747841206e+00	6.6045886364e-11
9.590	4.9796466243e+00	2.9647786976e-10
9.600	4.9845093557e+00	1.6130148472e-10
9.610	4.9893723142e+00	1.2058144949e-10
9.620	4.9942354994e+00	4.6836084010e-10
9.630	4.9990989105e+00	4.4188418447e-10
9.640	5.0039625471e+00	2.4333960032e-10
9.650	5.0088264085e+00	1.3938937118e-10
9.660	5.0136904942e+00	8.8268787069e-11
9.670	5.0185548036e+00	6.8023048550e-11
9.680	5.0234193361e+00	8.0901018506e-11
9.690	5.0282840912e+00	1.3321785152e-10
9.700	5.0331490682e+00	2.4611818160e-10
9.710	5.0380142667e+00	4.6258683949e-10
9.720	5.0428796860e+00	9.1012122104e-12
9.730	5.0477453256e+00	1.6987967923e-11
9.740	5.0526111850e+00	4.0051319163e-11
9.750	5.0574772635e+00	1.0086384178e-10
9.760	5.0623435607e+00	5.6250710068e-11
9.770	5.0672100759e+00	2.0311831406e-11
9.780	5.0720768086e+00	3.7166993710e-11
9.790	5.0769437583e+00	1.5258311783e-10
9.800	5.0818109244e+00	4.0416724487e-10
9.810	5.0866783063e+00	1.5845996840e-10
9.820	5.0915459036e+00	1.5523890669e-12
9.830	5.0964137157e+00	2.2917263265e-12
9.840	5.1012817420e+00	3.5326281921e-12
9.850	5.1061499819e+00	4.2254158429e-12
9.860	5.1110184351e+00	1.3188252670e-10
9.870	5.1158871009e+00	1.0476616604e-10
9.880	5.1207559787e+00	7.6192146309e-11
9.890	5.1256250681e+00	8.9001722102e-11
9.900	5.1304943686e+00	2.5434270877e-11
9.910	5.1353638795e+00	6.0121229648e-11
9.920	5.1402336004e+00	6.0481167827e-11
9.930	5.1451035308e+00	1.6496732142e-11
9.940	5.1499736701e+00	4.2950840030e-10
9.950	5.1548440178e+00	1.1072452521e-10
9.960	5.1597145733e+00	4.1358895824e-11
9.970	5.1645853363e+00	2.8142543610e-11
9.980	5.1694563061e+00	3.4305794276e-11
9.990	5.1743274822e+00	4.3335734811e-11
10.000	5.1791988641e+00	5.5327361641e-11
10.010	5.1840704513e+00	6.7075453797e-11
10.020	5.1889422434e+00	1.1211846919e-10
10.030	5.1938142397e+00	9.1377749182e-11
10.040	5.1986864398e+00	1.8915605532e-10
10.050	5.2035588433e+00	1.9869813907e-10
10.060	5.2084314494e+00	1.9063024926e-10
10.070	5.2133042579e+00	2.7992361444e-10
10.080	5.2181772682e+00	3.0009128515e-10
10.090	5.2230504797e+00	3.2016041695e-10
10.100	5.2279238920e+00	3.7185625651e-10
10.110	5.2327975046e+00	4.6751444136e-10
10.120	5.2376713170e+00	1.5024542066e-12
10.130	5.2425453287e+00	1.2488473587e-12
10.140	5.2474195393e+00	2.0498990223e-12
10.150	5.2522939482e+00	1.2331999870e-11
10.160	5.2571685549e+00	1.0451847102e-10
10.170	5.2620433590e+00	2.0118804575e-10
10.180	5.2669183599e+00	8.2710301478e-11
10.190	5.2717935573e+00	7.5418829163e-11
10.200	5.2766689506e+00	1.3466628541e-10
10.210	5.2815445393e+00	2.2889658766e-12
10.220	5.2864203230e+00	8.7841990089e-11
10.230	5.2912963012e+00	5.0920808536e-10
10.240	5.2961724734e+00	1.6649899464e-11
10.250	5.3010488391e+00	2.5292423104e-11
10.260	5.3059253979e+00	2.8024480662e-11
10.270	5.3108021493e+00	6.3581038204e-11
10.280	5.3156790929e+00	1.3918419888e-10
10.290	5.3205562281e+00	2.9794538834e-10
10.300	5.3254335546e+00	2.2579172839e-11
10.310	5.3303110717e+00	6.8207673667e-12
10.320	5.3351887792e+00	7.1351033912e-11
10.330	5.3400666765e+00	1.0735862886e-10
10.340	5.3449447632e+00	2.1569247499e-11
10.350	5.3498230388e+00	1.9180834333e-10
10.360	5.3547015028e+00	6.5173859828e-11
10.370	5.3595801548e+00	6.2996579205e-11
10.380	5.3644589944e+00	2.0606679301e-10
10.390	5.3693380211e+00	1.8768209362e-13
10.400	5.3742172345e+00	1.3830158718e-11
10.410	5.3790966340e+00	1.4937241598e-12
10.420	5.3839762193e+00	1.4183993093e-12
10.430	5.3888559899e+00	4.6442758676e-12
10.440	5.3937359454e+00	7.8429641046e-13
10.450	5.3986160853e+00	7.8145266646e-11
10.460	5.4034964092e+00	3.2433803085e-10
10.470	5.4083769167e+00	1.7024957223e-10
10.480	5.4132576073e+00	2.2713495656e-10
10.490	5.4181384805e+00	3.0658521013e-11
10.500	5.4230195360e+00	1.8278878095e-10
10.510	5.4279007733e+00	1.6722855885e-10
10.520	5.4327821919e+00	9.9447538827e-12
10.530	5.4376637915e+00	3.2261846949e-10
10.540	5.4425455716e+00	4.6678712816e-11
10.550	5.4474275318e+00	1.0904870418e-11
10.560	5.4523096717e+00	1.0460676618e-11
10.570	5.4571919908e+00	8.7679853747e-12
10.580	5.4620744887e+00	1.4547535343e-11
10.590	5.4669571650e+00	1.3495134247e-11
10.600	5.4718400193e+00	4.2874373905e-11
10.610	5.4767230511e+00	1.0861844702e-10
10.620	5.4816062601e+00	1.4645536343e-11
10.630	5.4864896457e+00	2.8364421106e-10
10.640	5.4913732077e+00	1.9155550684e-10
10.650	5.4962569455e+00	1.1072419350e-10
10.660	5.5011408588e+00	2.7775606385e-10
10.670	5.5060249472e+00	2.7744494192e-10
10.680	5.5109092102e+00	1.8885241226e-10
10.690	5.5157936475e+00	1.1617264085e-10
10.700	5.5206782586e+00	6.9600055740e-11
10.710	5.5255630431e+00	6.7240758248e-11
10.720	5.5304480006e+00	6.7710084837e-11
10.730	5.5353331308e+00	8.6714493851e-11
10.740	5.5402184331e+00	3.1311026350e-10
10.750	5.5451039073e+00	1.3670767040e-10
10.760	5.5499895529e+00	3.2561342187e-10
10.770	5.5548753695e+00	2.9528379704e-10
10.780	5.5597613567e+00	4.6915973616e-10
10.790	5.5646475141e+00	2.6626399356e-10
10.800	5.5695338414e+00	3.3647278083e-10
10.810	5.5744203380e+00	2.5965085258e-10
10.820	5.5793070038e+00	1.2914289406e-10
10.830	5.5841938381e+00	2.3433264023e-11
10.840	5.5890808407e+00	5.0845783801e-11
10.850	5.5939680112e+00	2.7124744908e-11
10.860	5.5988553492e+00	6.6001484016e-11
10.870	5.6037428542e+00	1.4800911156e-10
10.880	5.6086305260e+00	3.4393356321e-10
10.890	5.6135183641e+00	5.8205760036e-11
10.900	5.6184063681e+00	5.0729098656e-13
10.910	5.6232945377e+00	2.4774995181e-10
10.920	5.6281828725e+00	2.7290437693e-10
10.930	5.6330713720e+00	9.8585811483e-11
10.940	5.6379600360e+00	5.6014834326e-12
10.950	5.6428488640e+00	2.1346313183e-10
10.960	5.6477378557e+00	1.5310811637e-10
10.970	5.6526270107e+00	3.0550622158e-10
10.980	5.6575163286e+00	9.4267109737e-12
10.990	5.6624058090e+00	3.4923549091e-11
11.000	5.6672954516e+00	4.7482923204e-10
11.010	5.6721852561e+00	5.7120583125e-12
11.020	5.6770752219e+00	1.3277716482e-11
11.030	5.6819653489e+00	7.9565734130e-12
11.040	5.6868556365e+00	1.0629171780e-10
11.050	5.6917460845e+00	7.1595467973e-11
11.060	5.6966366924e+00	3.8398687922e-10
11.070	5.7015274599e+00	2.9621458097e-11
11.080	5.7064183867e+00	6.8990220830e-11
11.090	5.7113094724e+00	5.5864620519e-10
11.100	5.7162007166e+00	5.3691931130e-10
11.110	5.7210921190e+00	2.7928384079e-11
11.120	5.7259836792e+00	3.1976382334e-10
11.130	5.7308753968e+00	9.5297444029e-11
11.140	5.7357672716e+00	7.8789787086e-11
11.150	5.7406593030e+00	8.6363102909e-11
11.160	5.7455514909e+00	8.4671692590e-11
11.170	5.7504438348e+00	1.1665338448e-10
11.180	5.7553363344e+00	1.2073063451e-10
11.190	5.7602289893e+00	2.7545988403e-10
11.200	5.7651217993e+00	4.1857154531e-10
11.210	5.7700147638e+00	2.8911394622e-10
11.220	5.7749078827e+00	2.7663583250e-10
11.230	5.7798011554e+00	3.4859353697e-10
11.240	5.7846945818e+00	2.5425673578e-10
11.250	5.7895881615e+00	5.6463981875e-10
11.260	5.7944818941e+00	1.5497674733e-10
11.270	5.7993757792e+00	4.8804192135e-10
11.280	5.8042698166e+00	9.8425037990e-11
11.290	5.8091640058e+00	2.9106720691e-13
11.300	5.8140583466e+00	1.2419901811e-11
11.310	5.8189528387e+00	5.9194649725e-13
11.320	5.8238474816e+00	3.1635723034e-11
11.330	5.8287422751e+00	4.2059539418e-11
11.340	5.8336372187e+00	1.1415838274e-10
11.350	5.8385323123e+00	3.9936254851e-10
11.360	5.8434275554e+00	1.6345950752e-10
11.370	5.8483229477e+00	2.3975531955e-12
11.380	5.8532184888e+00	8.7497851120e-13
11.390	5.8581141786e+00	4.5167463079e-11
11.400	5.8630100165e+00	8.7055972535e-13
11.410	5.8679060024e+00	4.2192726404e-10
11.420	5.8728021358e+00	1.5116747218e-11
11.430	5.8776984165e+00	1.0940057692e-10
11.440	5.8825948441e+00	3.4397338181e-11
11.450	5.8874914183e+00	6.7194269924e-11
11.460	5.8923881387e+00	1.4871131147e-10
11.470	5.8972850051e+00	3.9186911843e-10
11.480	5.9021820172e+00	1.3063843339e-10
11.490	5.9070791745e+00	2.6824438680e-11
11.500	5.9119764769e+00	8.8381602618e-14
11.510	5.9168739239e+00	3.1483881325e-13
11.520	5.9217715153e+00	2.9680670575e-10
11.530	5.9266692507e+00	7.0562627244e-12
11.540	5.9315671298e+00	2.3223656685e-11
11.550	5.9364651524e+00	3.1758771960e-10
11.560	5.9413633180e+00	2.1985844068e-11
11.570	5.9462616265e+00	7.1331052530e-11
11.580	5.9511600774e+00	6.0580308106e-11
11.590	5.9560586704e+00	2.5149668189e-11
11.600	5.9609574054e+00	6.4056226928e-12
11.610	5.9658562818e+00	1.8761178984e-11
11.620	5.9707552996e+00	1.5749094328e-10
11.630	5.9756544582e+00	2.6725229301e-10
11.640	5.9805537575e+00	1.0090983035e-10
11.650	5.9854531971e+00	1.5961870542e-10
11.660	5.9903527767e+00	9.2785918876e-12
11.670	5.9952524960e+00	1.6814056881e-10
11.680	6.0001523547e+00	1.4176332752e-12
11.690	6.0050523526e+00	6.3778733291e-13
11.700	6.0099524892e+00	2.7086451563e-10
11.710	6.0148527644e+00	4.8155042043e-10
11.720	6.0197531777e+00	2.5887961100e-10
11.730	6.0246537290e+00	6.2008104136e-11
11.740	6.0295544179e+00	6.1907795751e-11
11.750	6.0344552441e+00	2.3602543016e-11
11.760	6.0393562074e+00	5.4577347890e-11
11.770	6.0442573074e+00	7.1366207757e-12
11.780	6.0491585438e+00	3.9601914451e-10
11.790	6.0540599163e+00	5.5622682945e-10
11.800	6.0589614247e+00	2.6220314147e-10
11.810	6.0638630687e+00	9.6675077691e-13
11.820	6.0687648479e+00	3.7751625168e-12
11.830	6.0736667621e+00	4.0194562391e-10
11.840	6.0785688110e+00	2.3773908737e-10
11.850	6.0834709943e+00	1.4979682153e-10
11.860	6.0883733117e+00	4.3799539099e-10
11.870	6.0932757630e+00	2.8136150444e-10
11.880	6.0981783478e+00	2.4996729429e-11
11.890	6.1030810659e+00	4.4129690784e-10
11.900	6.1079839169e+00	2.0998067650e-10
11.910	6.1128869006e+00	1.8284539283e-10
11.920	6.1177900168e+00	1.1075019787e-10
11.930	6.1226932651e+00	4.0855166919e-10
11.940	6.1275966452e+00	4.4877568042e-10
11.950	6.1325001569e+00	2.6667172481e-10
11.960	6.1374037999e+00	3.8461651034e-12
11.970	6.1423075739e+00	4.0234562117e-12
11.980	6.1472114787e+00	3.2368427386e-10
11.990	6.1521155139e+00	1.0597281535e-12
12.000	6.1570196793e+00	1.2643667063e-12
12.010	6.1619239746e+00	3.5003904838e-11
12.020	6.1668283996e+00	2.0342714286e-10
12.030	6.1717329539e+00	6.9910819348e-11
12.040	6.1766376373e+00	6.6652076246e-11
12.050	6.1815424495e+00	1.4336937730e-10
12.060	6.1864473903e+00	4.7538753658e-10
12.070	6.1913524594e+00	2.7862543609e-10
12.080	6.1962576565e+00	1.4617086050e-10
12.090	6.2011629813e+00	3.3375702514e-13
12.100	6.2060684336e+00	5.4667953979e-13
12.110	6.2109740131e+00	1.9142378086e-12
12.120	6.2158797195e+00	9.1186739842e-12
12.130	6.2207855526e+00	3.7538247159e-11
12.140	6.2256915122e+00	4.2012518091e-10
12.150	6.2305975979e+00	4.8832454925e-11
12.160	6.2355038094e+00	3.3692801736e-10
12.170	6.2404101466e+00	7.0516212271e-11
12.180	6.2453166091e+00	6.8161108845e-11
12.190	6.2502231968e+00	1.6078641342e-11
12.200	6.2551299093e+00	3.4123164387e-11
12.210	6.2600367463e+00	1.1894314826e-10
12.220	6.2649437077e+00	6.4406019105e-12
12.230	6.2698507931e+00	1.7661302250e-10
12.240	6.2747580024e+00	1.2037286065e-10
12.250	6.2796653352e+00	1.3332548584e-11
12.260	6.2845727913e+00	2.1739286247e-11
12.270	6.2894803704e+00	2.3879161300e-11
12.280	6.2943880723e+00	2.8244564999e-11
12.290	6.2992958967e+00	5.5773820173e-10
12.300	6.3042038434e+00	2.0519934259e-10
12.310	6.3091119122e+00	1.9725541386e-10
12.320	6.3140201027e+00	1.6913746928e-10
12.330	6.3189284147e+00	1.9528525306e-10
12.340	6.3238368480e+00	1.6674573110e-10
12.350	6.3287454023e+00	2.5763761499e-10
12.360	6.3336540774e+00	2.4062815602e-10
12.370	6.3385628730e+00	2.5705166414e-10
12.380	6.3434717889e+00	3.2703903082e-10
12.390	6.3483808249e+00	4.1812327493e-10
12.400	6.3532899806e+00	5.3601513985e-10
12.410	6.3581992558e+00	3.7885828609e-12
12.420	6.3631086503e+00	5.3909533475e-10
12.430	6.3680181639e+00	8.4562772069e-11
12.440	6.3729277963e+00	1.8511622105e-10
12.450	6.3778375473e+00	1.1176933113e-10
12.460	6.3827474166e+00	5.4019748748e-10
12.470	6.3876574039e+00	9.1140058476e-11
12.480	6.3925675091e+00	2.8698975013e-11
12.490	6.3974777319e+00	2.0663131142e-11
12.500	6.4023880721e+00	3.8927246056e-10
12.510	6.4072985294e+00	8.9001764678e-11
12.520	6.4122091035e+00	1.3720937668e-13
12.530	6.4171197944e+00	3.4600252830e-10
12.540	6.4220306016e+00	4.1664950740e-12
12.550	6.4269415250e+00	8.7066802014e-12
12.560	6.4318525643e+00	4.8522932194e-12
12.570	6.4367637193e+00	1.6198955949e-12
12.580	6.4416749899e+00	6.1362196816e-13
12.590	6.4465863756e+00	7.1724318315e-13
12.600	6.4514978763e+00	4.0293520123e-10
12.610	6.4564094919e+00	2.7235887970e-10
12.620	6.4613212219e+00	1.6091468159e-10
12.630	6.4662330663e+00	6.3428119527e-11
12.640	6.4711450247e+00	1.3419315117e-10
12.650	6.4760570970e+00	3.1291444836e-10
12.660	6.4809692829e+00	6.0052390979e-10
12.670	6.4858815822e+00	4.4378638008e-10
12.680	6.4907939947e+00	1.0314692284e-13
12.690	6.4957065201e+00	1.0195441247e-13
12.700	6.5006191582e+00	1.1634704531e-12
12.710	6.5055319088e+00	9.3802494764e-12
12.720	6.5104447716e+00	5.1659217031e-11
12.730	6.5153577465e+00	2.0926998536e-10
12.740	6.5202708332e+00	2.7806805202e-10
12.750	6.5251840315e+00	1.1177824337e-13
12.760	6.5300973411e+00	1.4722920269e-11
12.770	6.5350107619e+00	1.2533549269e-10
12.780	6.5399242936e+00	4.0721673423e-11
12.790	6.5448379360e+00	4.4259001899e-11
12.800	6.5497516889e+00	3.3712105404e-10
12.810	6.5546655520e+00	2.4477143819e-13
12.820	6.5595795252e+00	3.8414616844e-10
12.830	6.5644936082e+00	3.3830808668e-11
12.840	6.5694078008e+00	1.3824522551e-11
12.850	6.5743221028e+00	9.6162366770e-12
12.860	6.5792365139e+00	3.2057765978e-12
12.870	6.5841510340e+00	2.7132116977e-11
12.880	6.5890656628e+00	4.1870779365e-10
12.890	6.5939804002e+00	3.7145365036e-10
12.900	6.5988952459e+00	2.2829484220e-10
12.910	6.6038101996e+00	2.5946184936e-10
12.920	6.6087252612e+00	1.2456035876e-10
12.930	6.6136404305e+00	9.3245460181e-11
12.940	6.6185557072e+00	1.9419614847e-10
12.950	6.6234710912e+00	1.5409592049e-10
12.960	6.6283865822e+00	3.2851993448e-12
12.970	6.6333021801e+00	1.6597910750e-12
12.980	6.6382178845e+00	9.7597496641e-13
12.990	6.6431336953e+00	8.1211621784e-13
13.000	6.6480496124e+00	3.5121555080e-10
13.010	6.6529656354e+00	1.8521245574e-10
13.020	6.6578817642e+00	2.0120246808e-10
13.030	6.6627979985e+00	4.3451891727e-10
13.040	6.6677143382e+00	4.4785474995e-10
13.050	6.6726307831e+00	8.7162036339e-12
13.060	6.6775473329e+00	3.0115236208e-10
13.070	6.6824639874e+00	2.3779012048e-11
13.080	6.6873807465e+00	6.6088463635e-11
13.090	6.6922976100e+00	4.5252983373e-10
13.100	6.6972145775e+00	1.5666089187e-10
13.110	6.7021316490e+00	7.3891590066e-12
13.120	6.7070488242e+00	1.7024273764e-10
13.130	6.7119661029e+00	3.0119874514e-11
13.140	6.7168834850e+00	3.4595909961e-11
13.150	6.7218009702e+00	2.7156310132e-11
13.160	6.7267185583e+00	2.8595794036e-11
13.170	6.7316362491e+00	3.5426217523e-11
13.180	6.7365540424e+00	4.5932097736e-11
13.190	6.7414719381e+00	6.0468096534e-11
13.200	6.7463899359e+00	2.4851385121e-10
13.210	6.7513080356e+00	4.0606357464e-10
13.220	6.7562262371e+00	2.1819344942e-10
13.230	6.7611445401e+00	3.0688676004e-10
13.240	6.7660629444e+00	5.5876202953e-10
13.250	6.7709814498e+00	2.9171118949e-10
13.260	6.7759000563e+00	3.8013105778e-10
13.270	6.7808187634e+00	4.9597682047e-10
13.280	6.7857375711e+00	6.4716762634e-10
13.290	6.7906564792e+00	1.5548093306e-10
13.300	6.7955754875e+00	9.7727912381e-12
13.310	6.8004945957e+00	6.7546167206e-11
13.320	6.8054138038e+00	3.1485693165e-10
13.330	6.8103331114e+00	1.1022061046e-12
13.340	6.8152525184e+00	2.4007981340e-10
13.350	6.8201720247e+00	1.5776424847e-10
13.360	6.8250916300e+00	1.6395932807e-10
13.370	6.8300113341e+00	1.1158082964e-10
13.380	6.8349311368e+00	6.7756978995e-11
13.390	6.8398510380e+00	5.9689993496e-12
13.400	6.8447710375e+00	6.7911258817e-12
13.410	6.8496911351e+00	6.2882886124e-10
13.420	6.8546113305e+00	2.4734920879e-11
13.430	6.8595316237e+00	4.9760949158e-11
13.440	6.8644520144e+00	3.2332579454e-11
13.450	6.8693725024e+00	1.2713033475e-10
13.460	6.8742930876e+00	3.3631062668e-11
13.470	6.8792137697e+00	4.3227794889e-11
13.480	6.8841345486e+00	2.5362598193e-10
13.490	6.8890554241e+00	3.7764252294e-10
13.500	6.8939763961e+00	2.4691731185e-10
13.510	6.8988974642e+00	2.2839084577e-10
13.520	6.9038186284e+00	3.5157409124e-10
13.530	6.9087398885e+00	6.0639710104e-10
13.540	6.9136612443e+00	6.7850586759e-10
13.550	6.9185826956e+00	3.7855444094e-10
13.560	6.9235042422e+00	4.9434159846e-10
13.570	6.9284258839e+00	6.4782877742e-10
13.580	6.9333476206e+00	3.2639586000e-13
13.590	6.9382694521e+00	2.4593362545e-12
13.600	6.9431913783e+00	2.7618234028e-11
13.610	6.9481133988e+00	1.8108817221e-10
13.620	6.9530355136e+00	1.0478826109e-13
13.630	6.9579577224e+00	1.3944342444e-13
13.640	6.9628800252e+00	5.8462695932e-13
13.650	6.9678024217e+00	6.3617426039e-10
13.660	6.9727249117e+00	4.0387606076e-11
13.670	6.9776474951e+00	1.5021473172e-10
13.680	6.9825701717e+00	1.0596276303e-12
13.690	6.9874929413e+00	3.7211613113e-10
13.700	6.9924158038e+00	1.5771417704e-13
13.710	6.9973387590e+00	3.7005043805e-12
13.720	7.0022618066e+00	6.2731821952e-11
13.730	7.0071849466e+00	2.6940059327e-11
13.740	7.0121081787e+00	7.1997902186e-12
13.750	7.0170315028e+00	1.7130700322e-12
13.760	7.0219549187e+00	3.3292631217e-10
13.770	7.0268784262e+00	1.5605978377e-13
13.780	7.0318020253e+00	5.0238613913e-13
13.790	7.0367257156e+00	8.8821789550e-11
13.800	7.0416494970e+00	4.1085400300e-10
13.810	7.0465733695e+00	1.6835655071e-10
13.820	7.0514973327e+00	1.5492872393e-10
13.830	7.0564213865e+00	3.1616329743e-10
13.840	7.0613455308e+00	4.6654614167e-13
13.850	7.0662697653e+00	1.8534729209e-13
13.860	7.0711940900e+00	3.0766579645e-13
13.870	7.0761185047e+00	3.6683274359e-13
13.880	7.0810430091e+00	1.7512772708e-13
13.890	7.0859676032e+00	8.2811791346e-12
13.900	7.0908922867e+00	8.2222633828e-11
13.910	7.0958170595e+00	4.8292601783e-10
13.920	7.1007419214e+00	1.4292951298e-13
13.930	7.1056668723e+00	2.8105450159e-10
13.940	7.1105919119e+00	3.6892245655e-12
13.950	7.1155170403e+00	1.0548363404e-10
13.960	7.1204422570e+00	2.3879861806e-10
13.970	7.1253675621e+00	1.1102827240e-10
13.980	7.1302929554e+00	1.9081932975e-12
13.990	7.1352184366e+00	2.0819250545e-13
14.000	7.1401440056e+00	1.4457371802e-10
14.010	7.1450696624e+00	1.0083850496e-10
14.020	7.1499954066e+00	5.3935507176e-11
14.030	7.1549212381e+00	1.4591592282e-11
14.040	7.1598471568e+00	3.1875351573e-12
14.050	7.1647731626e+00	6.6522454845e-13
14.060	7.1696992552e+00	1.9171340233e-13
14.070	7.1746254345e+00	1.9670043903e-13
14.080	7.1795517004e+00	3.5432462567e-10
14.090	7.1844780526e+00	1.6687945556e-10
14.100	7.1894044911e+00	9.3250422249e-11
14.110	7.1943310157e+00	3.5812796066e-10
14.120	7.1992576261e+00	1.5083314324e-11
14.130	7.2041843224e+00	6.9455433675e-12
14.140	7.2091111042e+00	2.5706680849e-12
14.150	7.2140379715e+00	1.3156486316e-12
14.160	7.2189649240e+00	6.7821452101e-10
14.170	7.2238919618e+00	2.8875667543e-10
14.180	7.2288190845e+00	1.2371698346e-10
14.190	7.2337462920e+00	8.0672050513e-11
14.200	7.2386735842e+00	2.6639224305e-10
14.210	7.2436009609e+00	3.2586690186e-10
14.220	7.2485284220e+00	4.3452263191e-10
14.230	7.2534559673e+00	2.4211345699e-10
14.240	7.2583835967e+00	9.1198259458e-11
14.250	7.2633113100e+00	1.9317391138e-10
14.260	7.2682391070e+00	3.4337320438e-10
14.270	7.2731669877e+00	9.7697601299e-12
14.280	7.2780949518e+00	3.2449243529e-12
14.290	7.2830229993e+00	1.2256329272e-12
14.300	7.2879511299e+00	1.3548961096e-10
14.310	7.2928793435e+00	1.0604617759e-10
14.320	7.2978076400e+00	3.0582090852e-11
14.330	7.3027360191e+00	6.8466857667e-12
14.340	7.3076644809e+00	1.6292422736e-12
14.350	7.3125930251e+00	6.5605474821e-13
14.360	7.3175216515e+00	4.4978393432e-13
14.370	7.3224503600e+00	2.9039985103e-13
14.380	7.3273791506e+00	3.3205734947e-12
14.390	7.3323080229e+00	3.1301994812e-10
14.400	7.3372369770e+00	3.1771713060e-10
14.410	7.3421660125e+00	2.0185492362e-10
14.420	7.3470951295e+00	2.9259181982e-10
14.430	7.3520243277e+00	4.2234144883e-13
14.440	7.3569536070e+00	4.6151303691e-10
14.450	7.3618829673e+00	6.2434760910e-13
14.460	7.3668124083e+00	9.9711894687e-13
14.470	7.3717419301e+00	6.6813003193e-13
14.480	7.3766715323e+00	6.5141465053e-12
14.490	7.3816012150e+00	9.7374640055e-11
14.500	7.3865309779e+00	7.1302245939e-10
14.510	7.3914608208e+00	2.2221206026e-10
14.520	7.3963907438e+00	1.2262171519e-12
14.530	7.4013207465e+00	8.3476018414e-12
14.540	7.4062508289e+00	2.7716974193e-11
14.550	7.4111809908e+00	4.6797629009e-10
14.560	7.4161112322e+00	2.8217553991e-10
14.570	7.4210415527e+00	6.7169784762e-12
14.580	7.4259719524e+00	5.9235679116e-12
14.590	7.4309024311e+00	1.1936824425e-10
14.600	7.4358329885e+00	2.1043035484e-10
14.610	7.4407636247e+00	7.6984467538e-11
14.620	7.4456943394e+00	3.2395868065e-11
14.630	7.4506251325e+00	2.7709594663e-11
14.640	7.4555560039e+00	3.4228765320e-11
14.650	7.4604869535e+00	4.5433338393e-11
14.660	7.4654179810e+00	6.1034763878e-11
14.670	7.4703490864e+00	4.5604683102e-10
14.680	7.4752802695e+00	2.8453812799e-10
14.690	7.4802115302e+00	4.2907995093e-10
14.700	7.4851428684e+00	2.6120350273e-10
14.710	7.4900742839e+00	2.8347535695e-10
14.720	7.4950057765e+00	3.6131270688e-10
14.730	7.4999373462e+00	4.7958563433e-10
14.740	7.5048689929e+00	6.4268635742e-10
14.750	7.5098007163e+00	1.1931138901e-12
14.760	7.5147325163e+00	1.4540143316e-12
14.770	7.5196643928e+00	1.5474842823e-13
14.780	7.5245963457e+00	2.7520589289e-11
14.790	7.5295283749e+00	3.6823815530e-10
14.800	7.5344604802e+00	1.4646152202e-13
14.810	7.5393926614e+00	4.4779224705e-13
14.820	7.5443249185e+00	9.6057084834e-13
14.830	7.5492572513e+00	2.9874969067e-11
14.840	7.5541896597e+00	3.5666495251e-10
14.850	7.5591221435e+00	6.9000335913e-10
14.860	7.5640547027e+00	6.8659131022e-12
14.870	7.5689873370e+00	5.6485605760e-13
14.880	7.5739200464e+00	8.4691982421e-12
14.890	7.5788528307e+00	3.5369745601e-10
14.900	7.5837856898e+00	1.3034675170e-10
14.910	7.5887186236e+00	2.9130583780e-11
14.920	7.5936516319e+00	5.8250396807e-12
14.930	7.5985847147e+00	1.6493865460e-12
14.940	7.6035178717e+00	1.1109412924e-12
14.950	7.6084511028e+00	1.1863765418e-12
14.960	7.6133844080e+00	1.3158571600e-12
14.970	7.6183177871e+00	4.3653738271e-12
14.980	7.6232512399e+00	4.8313435121e-11
14.990	7.6281847664e+00	5.3532614322e-10
15.000	7.6331183664e+00	2.6566313038e-10
15.010	7.6380520398e+00	2.6346558189e-10
15.020	7.6429857865e+00	1.8106177213e-13
15.030	7.6479196063e+00	3.8478802738e-13
15.040	7.6528534991e+00	7.4176670241e-13
15.050	7.6577874648e+00	1.5591345140e-12
15.060	7.6627215032e+00	1.8349911722e-12
15.070	7.6676556143e+00	3.1849767748e-12
15.080	7.6725897979e+00	1.1064543483e-10
15.090	7.6775240539e+00	1.4831196976e-13
15.100	7.6824583822e+00	3.6899855290e-13
15.110	7.6873927826e+00	5.6092012364e-13
15.120	7.6923272550e+00	1.3598522264e-11
15.130	7.6972617993e+00	3.8685230090e-10
15.140	7.7021964153e+00	7.3572458468e-11
15.150	7.7071311031e+00	1.3910892340e-11
15.160	7.7120658623e+00	1.8890421803e-12
15.170	7.7170006929e+00	1.8103050372e-13
15.180	7.7219355949e+00	5.6015512426e-10
15.190	7.7268705680e+00	2.6337498497e-10
15.200	7.7318056121e+00	6.0767327507e-11
15.210	7.7367407272e+00	1.0978252402e-11
15.220	7.7416759130e+00	1.7607940634e-12
15.230	7.7466111695e+00	3.0803099365e-13
15.240	7.7515464966e+00	1.5848963212e-13
15.250	7.7564818941e+00	5.3603218037e-13
15.260	7.7614173620e+00	3.6580680925e-10
15.270	7.7663529000e+00	1.8195839034e-10
15.280	7.7712885082e+00	5.8685072665e-10
15.290	7.7762241863e+00	2.9464474264e-11
15.300	7.7811599342e+00	2.1861486679e-11
15.310	7.7860957519e+00	3.8040988328e-11
15.320	7.7910316391e+00	1.9494137090e-12
15.330	7.7959675959e+00	5.6897468854e-10
15.340	7.8009036221e+00	2.2685251881e-10
15.350	7.8058397175e+00	9.2166027979e-11
15.360	7.8107758820e+00	3.7093623663e-11
15.370	7.8157121156e+00	3.7755577800e-11
15.380	7.8206484180e+00	4.2240358103e-10
15.390	7.8255847893e+00	2.4084719924e-12
15.400	7.8305212292e+00	1.7794592091e-12
15.410	7.8354577377e+00	1.6326629272e-12
15.420	7.8403943147e+00	1.6217900584e-10
15.430	7.8453309600e+00	5.4685453545e-10
15.440	7.8502676735e+00	1.3666094800e-11
15.450	7.8552044551e+00	7.6073410093e-12
15.460	7.8601413047e+00	4.8244659421e-13
15.470	7.8650782221e+00	7.1226264915e-10
15.480	7.8700152074e+00	5.2034128147e-10
15.490	7.8749522602e+00	1.3004855927e-10
15.500	7.8798893807e+00	2.4497335723e-11
15.510	7.8848265685e+00	5.1747009086e-12
15.520	7.8897638236e+00	2.6264095625e-12
15.530	7.8947011460e+00	2.9068696404e-12
15.540	7.8996385354e+00	3.8073949803e-12
15.550	7.9045759918e+00	5.2939051543e-12
15.560	7.9095135151e+00	1.1784679712e-11
15.570	7.9144511051e+00	6.4286482663e-10
15.580	7.9193887618e+00	1.5643396598e-10
15.590	7.9243264849e+00	2.1003318572e-10
15.600	7.9292642746e+00	2.3500677283e-10
15.610	7.9342021305e+00	1.0995167553e-11
15.620	7.9391400526e+00	1.5087132895e-11
15.630	7.9440780408e+00	2.1026943305e-11
15.640	7.9490160950e+00	2.9970189502e-11
15.650	7.9539542150e+00	4.1910368838e-11
15.660	7.9588924008e+00	5.1269251062e-11
15.670	7.9638306523e+00	1.9253671949e-10
15.680	7.9687689693e+00	9.5846329864e-11
15.690	7.9737073518e+00	1.3156238712e-10
15.700	7.9786457996e+00	7.1726420957e-10
15.710	7.9835843126e+00	2.7347922710e-10
15.720	7.9885228907e+00	4.1073465749e-10
15.730	7.9934615338e+00	4.7342481638e-10
15.740	7.9984002418e+00	6.5452934754e-10
15.750	8.0033390146e+00	4.1835864103e-12
15.760	8.0082778521e+00	4.8426627887e-10
15.770	8.0132167542e+00	6.6278545360e-12
15.780	8.0181557207e+00	2.8232584616e-10
15.790	8.0230947517e+00	6.2199941295e-11
15.800	8.0280338468e+00	2.4101912450e-11
15.810	8.0329730062e+00	2.3604372046e-11
15.820	8.0379122295e+00	3.1148046878e-11
15.830	8.0428515169e+00	4.2659454717e-11
15.840	8.0477908680e+00	5.9378649316e-11
15.850	8.0527302829e+00	4.1422937693e-10
15.860	8.0576697615e+00	7.4561315195e-10
15.870	8.0626093035e+00	2.1093686167e-10
15.880	8.0675489090e+00	2.5165377302e-10
15.890	8.0724885779e+00	3.0637774378e-10
15.900	8.0774283099e+00	3.9691567083e-10
15.910	8.0823681050e+00	5.4328661436e-10
15.920	8.0873079632e+00	7.4625783883e-10
15.930	8.0922478843e+00	2.3692717382e-12
15.940	8.0971878681e+00	5.2927018393e-12
15.950	8.1021279147e+00	6.2616736058e-12
15.960	8.1070680239e+00	1.6952446657e-11
15.970	8.1120081956e+00	5.4061393492e-10
15.980	8.1169484297e+00	4.2481062235e-13
15.990	8.1218887260e+00	1.9163332506e-12
16.000	8.1268290846e+00	2.7782789024e-10
16.010	8.1317695053e+00	1.4532027625e-10
16.020	8.1367099880e+00	7.3138830021e-10
16.030	8.1416505325e+00	4.6234333984e-11
16.040	8.1465911389e+00	5.0900337831e-12
16.050	8.1515318069e+00	2.9152522693e-10
16.060	8.1564725366e+00	7.4297109831e-13
16.070	8.1614133278e+00	5.7160372881e-10
16.080	8.1663541803e+00	1.0979561078e-10
16.090	8.1712950941e+00	1.7839706079e-11
16.100	8.1762360692e+00	1.0783828388e-10
16.110	8.1811771053e+00	2.8808363060e-12
16.120	8.1861182025e+00	3.6710467631e-12
16.130	8.1910593605e+00	5.0168792237e-12
16.140	8.1960005794e+00	8.0163915313e-12
16.150	8.2009418590e+00	2.1129308313e-11
16.160	8.2058831991e+00	2.0715994686e-10
16.170	8.2108245998e+00	2.5754627665e-11
16.180	8.2157660609e+00	3.1909290130e-10
16.190	8.2207075824e+00	1.8415035592e-10
16.200	8.2256491640e+00	8.0857515884e-13
16.210	8.2305908058e+00	8.1722819631e-13
16.220	8.2355325076e+00	1.6848065719e-12
16.230	8.2404742693e+00	4.4984271586e-12
16.240	8.2454160909e+00	9.5323288682e-12
16.250	8.2503579722e+00	4.0877993105e-12
16.260	8.2552999132e+00	1.3227449275e-10
16.270	8.2602419137e+00	2.1507273018e-13
16.280	8.2651839737e+00	9.2729109018e-13
16.290	8.2701260930e+00	3.0024846283e-12
16.300	8.2750682716e+00	6.0298265752e-11
16.310	8.2800105094e+00	1.3350076945e-10
16.320	8.2849528062e+00	4.1943363574e-11
16.330	8.2898951621e+00	2.1159635707e-11
16.340	8.2948375768e+00	5.3524731387e-13
16.350	8.2997800503e+00	8.4507104202e-13
16.360	8.3047225825e+00	3.6918959775e-13
16.370	8.3096651734e+00	2.3711230860e-10
16.380	8.3146078227e+00	3.6004813071e-11
16.390	8.3195505305e+00	4.5851280473e-12
16.400	8.3244932966e+00	5.0327666534e-13
16.410	8.3294361210e+00	1.3908162343e-13
16.420	8.3343790035e+00	3.0199994286e-13
16.430	8.3393219440e+00	7.6313135029e-10
16.440	8.3442649426e+00	2.8753391155e-10
16.450	8.3492079989e+00	2.6867165881e-10
16.460	8.3541511131e+00	6.4296982148e-10
16.470	8.3590942850e+00	9.5834689233e-11
16.480	8.3640375144e+00	1.3089001452e-11
16.490	8.3689808014e+00	3.0447527417e-12
16.500	8.3739241458e+00	4.5813078080e-10
16.510	8.3788675475e+00	1.7031008099e-10
16.520	8.3838110064e+00	6.5890932574e-11
16.530	8.3887545225e+00	4.3032223464e-10
16.540	8.3936980957e+00	1.7073942780e-10
16.550	8.3986417258e+00	6.4951714890e-11
16.560	8.4035854128e+00	7.2936993048e-10
16.570	8.4085291566e+00	8.6836319923e-12
16.580	8.4134729570e+00	6.8081048279e-12
16.590	8.4184168141e+00	4.8937305502e-12
16.600	8.4233607277e+00	3.1786740233e-10
16.610	8.4283046978e+00	5.1492163419e-11
16.620	8.4332487241e+00	6.6772364559e-11
16.630	8.4381928068e+00	1.5397169448e-12
16.640	8.4431369456e+00	1.4837082547e-12
16.650	8.4480811405e+00	1.2415127742e-12
16.660	8.4530253914e+00	5.1644901817e-10
16.670	8.4579696982e+00	8.0953522699e-11
16.680	8.4629140608e+00	1.2207082539e-11
16.690	8.4678584791e+00	4.1401440076e-12
16.700	8.4728029531e+00	4.5983792026e-12
16.710	8.4777474826e+00	6.2970187231e-12
16.720	8.4826920676e+00	8.7461165120e-12
16.730	8.4876367080e+00	1.5797811404e-11
16.740	8.4925814037e+00	4.7488875930e-11
16.750	8.4975261546e+00	4.2028174995e-10
16.760	8.5024709606e+00	7.6582100939e-11
16.770	8.5074158217e+00	4.4556289583e-11
16.780	8.5123607377e+00	1.3616052377e-10
16.790	8.5173057086e+00	7.6366680736e-10
16.800	8.5222507343e+00	1.3261958510e-12
16.810	8.5271958147e+00	2.5279601464e-12
16.820	8.5321409497e+00	7.2649654661e-12
16.830	8.5370861392e+00	1.7888517763e-11
16.840	8.5420313832e+00	1.6774856436e-11
16.850	8.5469766816e+00	1.3871513918e-10
16.860	8.5519220342e+00	3.5609073480e-13
16.870	8.5568674410e+00	2.1917643835e-12
16.880	8.5618129019e+00	7.1599467851e-12
16.890	8.5667584169e+00	1.4021031488e-10
16.900	8.5717039858e+00	1.7658647555e-10
16.910	8.5766496085e+00	1.4095090127e-10
16.920	8.5815952851e+00	1.3355697577e-11
16.930	8.5865410153e+00	4.3439148257e-12
16.940	8.5914867992e+00	4.3469189183e-12
16.950	8.5964326366e+00	5.0262267974e-12
16.960	8.6013785274e+00	1.8314060501e-10
16.970	8.6063244716e+00	3.1672285934e-11
16.980	8.6112704691e+00	1.5445501342e-11
16.990	8.6162165198e+00	1.8823199635e-11
17.000	8.6211626236e+00	2.6626526137e-11
17.010	8.6261087804e+00	3.7723821108e-11
17.020	8.6310549902e+00	6.9863952600e-10
17.030	8.6360012529e+00	3.0736297901e-10
17.040	8.6409475684e+00	5.5377888460e-10
17.050	8.6458939366e+00	7.4310396725e-10
17.060	8.6508403575e+00	3.2454024194e-10
17.070	8.6557868309e+00	2.8935749865e-10
17.080	8.6607333567e+00	4.0270084140e-10
17.090	8.6656799350e+00	5.6439102584e-10
17.100	8.6706265656e+00	7.9500040685e-10
17.110	8.6755732484e+00	5.1924857027e-12
17.120	8.6805199834e+00	1.5333439270e-11
17.130	8.6854667704e+00	3.1546333739e-11
17.140	8.6904136095e+00	1.0499176889e-12
17.150	8.6953605004e+00	1.1826626334e-12
17.160	8.7003074432e+00	1.4357453121e-12
17.170	8.7052544378e+00	7.8044806821e-12
17.180	8.7102014841e+00	1.0079041929e-11
17.190	8.7151485819e+00	6.7966789418e-10
17.200	8.7200957313e+00	1.1849180237e-10
17.210	8.7250429321e+00	8.2525553896e-10
17.220	8.7299901843e+00	1.9629545971e-12
17.230	8.7349374878e+00	2.8509014780e-12
17.240	8.7398848425e+00	2.3588986636e-12
17.250	8.7448322484e+00	5.6403660865e-10
17.260	8.7497797053e+00	5.2653664373e-11
17.270	8.7547272131e+00	8.5089856988e-12
17.280	8.7596747719e+00	5.3574732859e-12
17.290	8.7646223815e+00	7.3151522428e-12
17.300	8.7695700419e+00	9.8925683611e-12
17.310	8.7745177530e+00	1.4556255635e-11
17.320	8.7794655146e+00	3.0071454089e-11
17.330	8.7844133268e+00	1.1271154672e-10
17.340	8.7893611894e+00	7.6186079191e-10
17.350	8.7943091024e+00	2.5863175973e-10
17.360	8.7992570657e+00	1.9682758585e-11
17.370	8.8042050792e+00	8.4268774463e-11
17.380	8.8091531428e+00	6.7116753069e-10
17.390	8.8141012566e+00	1.5412569222e-12
17.400	8.8190494203e+00	3.4414233274e-12
17.410	8.8239976339e+00	1.1297007048e-11
17.420	8.8289458974e+00	3.1501284959e-11
17.430	8.8338942106e+00	4.2667695550e-11
17.440	8.8388425736e+00	1.4140745975e-10
17.450	8.8437909861e+00	1.1679235922e-12
17.460	8.8487394483e+00	4.5779036483e-12
17.470	8.8536879598e+00	1.3871001875e-11
17.480	8.8586365208e+00	3.3974942520e-10
17.490	8.8635851311e+00	2.7320900926e-10
17.500	8.8685337907e+00	1.8530101684e-10
17.510	8.8734824994e+00	1.9791074166e-12
17.520	8.8784312573e+00	2.6490459593e-12
17.530	8.8833800642e+00	3.6541458836e-13
17.540	8.8883289200e+00	8.8244595973e-10
17.550	8.8932778247e+00	1.1406047729e-10
17.560	8.8982267783e+00	1.1590370202e-11
17.570	8.9031757805e+00	8.9256108542e-13
17.580	8.9081248315e+00	7.2441988173e-13
17.590	8.9130739310e+00	1.9408093464e-12
17.600	8.9180230791e+00	2.3364465121e-12
17.610	8.9229722756e+00	5.2273753126e-10
17.620	8.9279215205e+00	1.8208670063e-10
17.630	8.9328708137e+00	6.2053798196e-11
17.640	8.9378201552e+00	2.1333725158e-10
17.650	8.9427695448e+00	9.5897481629e-11
17.660	8.9477189825e+00	4.6605341906e-12
17.670	8.9526684682e+00	3.6070105171e-10
17.680	8.9576180019e+00	1.2570797317e-10
17.690	8.9625675835e+00	4.5418704681e-11
17.700	8.9675172128e+00	2.2449356627e-11
17.710	8.9724668900e+00	3.0169517946e-11
17.720	8.9774166147e+00	6.1747321421e-11
17.730	8.9823663871e+00	2.0541126557e-11
17.740	8.9873162070e+00	1.5982024213e-12
17.750	8.9922660744e+00	1.2311439372e-12
17.760	8.9972159892e+00	1.5980041062e-11
17.770	9.0021659513e+00	7.8531787474e-10
17.780	9.0071159606e+00	4.3220053290e-13
17.790	9.0120660171e+00	3.9171172814e-10
17.800	9.0170161207e+00	2.5496418222e-11
17.810	9.0219662714e+00	6.6047182564e-12
17.820	9.0269164691e+00	4.9891910167e-12
17.830	9.0318667136e+00	3.4257519514e-12
17.840	9.0368170050e+00	2.6413374582e-10
17.850	9.0417673432e+00	3.0671297926e-11
17.860	9.0467177280e+00	7.2207895189e-12
17.870	9.0516681595e+00	7.8250249925e-12
17.880	9.0566186375e+00	1.1022166029e-11
17.890	9.0615691621e+00	1.6329319153e-11
17.900	9.0665197331e+00	2.5986820923e-11
17.910	9.0714703504e+00	5.6275836639e-11
17.920	9.0764210140e+00	2.8639009680e-10
17.930	9.0813717239e+00	4.1712722010e-10
17.940	9.0863224799e+00	3.5597685744e-10
17.950	9.0912732819e+00	3.5132364429e-11
17.960	9.0962241301e+00	3.0706980874e-11
17.970	9.1011750241e+00	5.4901582392e-10
17.980	9.1061259641e+00	1.9309371119e-12
17.990	9.1110769499e+00	5.8105319144e-12
18.000	9.1160279814e+00	1.8905977040e-11
18.010	9.1209790586e+00	5.5943900515e-11
18.020	9.1259301815e+00	9.4851202151e-11
18.030	9.1308813499e+00	1.4689877042e-10
18.040	9.1358325637e+00	9.3904176958e-12
18.050	9.1407838231e+00	1.7154401635e-11
18.060	9.1457351277e+00	3.6501322474e-11
18.070	9.1506864777e+00	8.6567766518e-10
18.080	9.1556378729e+00	7.1163347709e-10
18.090	9.1605893132e+00	1.7113095070e-10
18.100	9.1655407987e+00	5.2054856332e-11
18.110	9.1704923292e+00	7.1477393101e-11
18.120	9.1754439046e+00	1.0108736408e-10
18.130	9.1803955250e+00	7.4597256359e-10
18.140	9.1853471902e+00	2.6818725230e-10
18.150	9.1902989001e+00	2.9920890211e-10
18.160	9.1952506548e+00	4.2424129003e-10
18.170	9.2002024541e+00	6.1172763803e-10
18.180	9.2051542980e+00	8.8079280775e-10
18.190	9.2101061864e+00	3.1556668328e-11
18.200	9.2150581193e+00	4.5015630548e-10
18.210	9.2200100965e+00	2.4624913220e-10
18.220	9.2249621181e+00	1.3202013038e-10
18.230	9.2299141839e+00	7.7856662070e-10
18.240	9.2348662939e+00	2.2269890709e-10
18.250	9.2398184481e+00	2.7375892868e-10
18.260	9.2447706463e+00	3.8679231976e-10
18.270	9.2497228885e+00	5.5230295200e-10
18.280	9.2546751747e+00	7.9417939172e-10
18.290	9.2596275048e+00	1.1599312660e-11
18.300	9.2645798786e+00	4.0724644188e-11
18.310	9.2695322962e+00	1.0877673705e-10
18.320	9.2744847576e+00	6.8253009832e-11
18.330	9.2794372625e+00	3.5545901139e-13
18.340	9.2843898110e+00	3.5746196279e-12
18.350	9.2893424031e+00	3.5529404971e-11
18.360	9.2942950385e+00	1.2254317549e-10
18.370	9.2992477174e+00	6.6583577266e-10
18.380	9.3042004395e+00	4.8046617827e-10
18.390	9.3091532050e+00	3.8723874657e-12
18.400	9.3141060136e+00	1.0976272393e-11
18.410	9.3190588653e+00	5.2903610023e-12
18.420	9.3240117602e+00	3.0498761183e-12
18.430	9.3289646980e+00	1.5302267540e-10
18.440	9.3339176788e+00	1.7027051436e-11
18.450	9.3388707025e+00	8.3258412206e-12
18.460	9.3438237690e+00	1.1971760661e-11
18.470	9.3487768783e+00	1.9147855274e-11
18.480	9.3537300303e+00	3.0065389232e-11
18.490	9.3586832249e+00	4.4596645309e-11
18.500	9.3636364621e+00	1.0105462854e-10
18.510	9.3685897419e+00	7.6747892288e-10
18.520	9.3735430641e+00	5.6834042318e-10
18.530	9.3784964287e+00	3.2077763725e-10
18.540	9.3834498357e+00	1.0627110154e-10
18.550	9.3884032850e+00	1.4123988411e-11
18.560	9.3933567764e+00	3.9469342751e-10
18.570	9.3983103101e+00	3.6071920097e-12
18.580	9.4032638859e+00	7.5825791179e-12
18.590	9.4082175037e+00	2.7507114213e-11
18.600	9.4131711635e+00	9.1571139185e-11
18.610	9.4181248652e+00	1.8280888146e-10
18.620	9.4230786088e+00	1.4753180455e-10
18.630	9.4280323942e+00	5.0300527334e-12
18.640	9.4329862214e+00	1.6508901081e-11
18.650	9.4379400903e+00	3.8549933789e-11
18.660	9.4428940008e+00	1.1982009468e-13
18.670	9.4478479528e+00	1.4679211876e-13
18.680	9.4528019464e+00	4.7759333521e-11
18.690	9.4577559815e+00	1.1468090198e-11
18.700	9.4627100580e+00	8.1270598648e-12
18.710	9.4676641758e+00	6.2048355640e-12
18.720	9.4726183349e+00	3.5648281308e-10
18.730	9.4775725352e+00	2.8904545153e-11
18.740	9.4825267767e+00	1.2207021037e-12
18.750	9.4874810593e+00	1.4575802782e-12
18.760	9.4924353830e+00	3.2959252822e-12
18.770	9.4973897477e+00	1.6289981060e-12
18.780	9.5023441533e+00	8.7596026375e-10
18.790	9.5072985998e+00	3.2271803449e-10
18.800	9.5122530871e+00	1.1057521264e-10
18.810	9.5172076152e+00	2.9702233004e-11
18.820	9.5221621840e+00	7.6130163678e-10
18.830	9.5271167935e+00	8.5941840977e-10
18.840	9.5320714501e+00	3.6367094822e-10
18.850	9.5370261373e+00	1.2019576368e-10
18.860	9.5419808667e+00	3.8565668034e-11
18.870	9.5469356375e+00	1.5665073875e-11
18.880	9.5518904491e+00	2.0890622261e-11
18.890	9.5568453011e+00	6.6653225462e-11
18.900	9.5618001936e+00	1.9119802754e-10
18.910	9.5667551262e+00	1.6596369072e-10
18.920	9.5717100991e+00	7.5320074816e-12
18.930	9.5766651120e+00	1.1693132763e-11
18.940	9.5816201650e+00	7.5129083952e-11
18.950	9.5865752580e+00	4.4606054614e-10
18.960	9.5915303909e+00	7.3170462197e-10
18.970	9.5964855637e+00	3.1703642477e-10
18.980	9.6014407763e+00	1.8356797335e-11
18.990	9.6063960287e+00	9.2851439633e-12
19.000	9.6113513208e+00	3.3818716439e-12
19.010	9.6163066525e+00	8.5328345476e-10
19.020	9.6212620239e+00	7.7634711354e-11
19.030	9.6262174348e+00	1.1333866221e-11
19.040	9.6311728851e+00	1.2423505266e-11
19.050	9.6361283749e+00	2.0544894700e-11
19.060	9.6410839041e+00	3.5971733056e-11
19.070	9.6460394727e+00	4.8314721421e-11
19.080	9.6509950805e+00	6.9622006375e-11
19.090	9.6559507275e+00	1.7338306771e-10
19.100	9.6609064137e+00	1.1165909097e-10
19.110	9.6658621390e+00	6.2007121344e-10
19.120	9.6708179033e+00	2.6505826598e-10
19.130	9.6757737067e+00	2.2936527928e-10
19.140	9.6807295490e+00	1.1839862934e-10
19.150	9.6856854303e+00	2.1971266209e-10
19.160	9.6906413503e+00	6.1792134569e-12
19.170	9.6955973092e+00	1.0936041225e-11
19.180	9.7005533068e+00	4.2985149540e-11
19.190	9.7055093430e+00	1.5399067438e-10
19.200	9.7104654180e+00	3.4200084743e-10
19.210	9.7154215315e+00	1.5845244651e-10
19.220	9.7203776835e+00	2.6769582149e-13
19.230	9.7253338740e+00	3.9050087241e-11
19.240	9.7302901029e+00	4.0088713353e-11
19.250	9.7352463702e+00	4.8577361127e-13
19.260	9.7402026758e+00	5.9095521397e-13
19.270	9.7451590197e+00	4.3769286632e-12
19.280	9.7501154017e+00	2.3803169583e-11
19.290	9.7550718220e+00	1.7280682675e-11
19.300	9.7600282804e+00	6.7280704704e-12
19.310	9.7649847768e+00	1.7983521047e-10
19.320	9.7699413112e+00	1.2445499948e-11
19.330	9.7748978836e+00	5.3979582153e-12
19.340	9.7798544938e+00	9.0745488855e-12
19.350	9.7848111420e+00	1.1061094139e-11
19.360	9.7897678279e+00	2.2464857372e-11
19.370	9.7947245516e+00	6.6357945335e-10
19.380	9.7996813130e+00	3.1893631718e-10
19.390	9.8046381120e+00	2.8515111227e-10
19.400	9.8095949486e+00	9.1922887670e-11
19.410	9.8145518228e+00	5.7905361112e-10
19.420	9.8195087344e+00	1.8977177976e-10
19.430	9.8244656835e+00	5.4474720915e-10
19.440	9.8294226700e+00	3.4533442168e-10
19.450	9.8343796939e+00	5.1140392051e-10
19.460	9.8393367550e+00	7.5658232936e-10
19.470	9.8442938533e+00	2.6393296157e-11
19.480	9.8492509889e+00	1.0558136819e-10
19.490	9.8542081616e+00	3.3285052127e-10
19.500	9.8591653714e+00	3.5565729682e-10
19.510	9.8641226182e+00	2.1419839108e-11
19.520	9.8690799020e+00	1.7150420372e-11
19.530	9.8740372228e+00	1.5064603151e-10
19.540	9.8789945805e+00	6.5236401169e-13
19.550	9.8839519750e+00	1.3269425942e-12
19.560	9.8889094063e+00	8.8332073635e-11
19.570	9.8938668743e+00	2.6996302490e-11
19.580	9.8988243790e+00	1.0317054835e-11
19.590	9.9037819204e+00	1.8179936863e-11
19.600	9.9087394984e+00	4.5374013403e-10
19.610	9.9136971129e+00	3.4747558033e-11
19.620	9.9186547639e+00	1.1997983221e-11
19.630	9.9236124513e+00	2.0036782012e-11
19.640	9.9285701752e+00	3.6522000073e-11
19.650	9.9335279354e+00	5.4260378420e-11
19.660	9.9384857319e+00	5.9142204810e-11
19.670	9.9434435647e+00	1.1570500569e-10
19.680	9.9484014337e+00	2.7719191700e-10
19.690	9.9533593388e+00	1.7687209383e-10
19.700	9.9583172800e+00	2.5201620210e-10
19.710	9.9632752573e+00	3.4828607085e-10
19.720	9.9682332706e+00	4.3769354140e-10
19.730	9.9731913199e+00	3.4802046122e-10
19.740	9.9781494051e+00	4.4220360982e-11
19.750	9.9831075262e+00	4.6198938882e-12
19.760	9.9880656830e+00	1.5390275097e-11
19.770	9.9930238757e+00	6.7626223803e-11
19.780	9.9979821041e+00	2.5744645879e-10
19.790	1.0002940368e+01	6.0983603439e-10
19.800	1.0007898668e+01	2.0676196491e-10
19.810	1.0012857003e+01	1.7070824501e-11
19.820	1.0017815374e+01	9.5928690246e-11
19.830	1.0022773780e+01	2.0255115534e-12
19.840	1.0027732222e+01	4.1898105517e-13
19.850	1.0032690699e+01	6.7519647482e-10
19.860	1.0037649212e+01	4.8376193031e-11
19.870	1.0042607759e+01	3.1548393737e-11
19.880	1.0047566342e+01	7.3879920122e-12
19.890	1.0052524961e+01	1.8985023446e-12
19.900	1.0057483614e+01	7.2442522724e-11
19.910	1.0062442303e+01	1.2427658640e-12
19.920	1.0067401026e+01	1.4084132403e-12
19.930	1.0072359785e+01	1.1807642868e-12
19.940	1.0077318578e+01	1.4360349954e-11
19.950	1.0082277407e+01	3.4450856381e-11
19.960	1.0087236270e+01	4.5259346199e-10
19.970	1.0092195169e+01	3.2092470707e-10
19.980	1.0097154102e+01	9.8221305484e-10
19.990	1.0102113069e+01	1.2520007685e-11
20.000	1.0107072072e+01	8.1367524517e-10
20.010	1.0112031109e+01	2.5436054798e-10
